"DATA","VENDAS CAFÉ","VENDAS ALMOÇO","VENDAS JANTAR","VENDAS REFEIÇÃO*","TOTAL VENDAS","ENTR. CAFÉ","ENTR. ALMOÇO","ENTR. JANTAR","TOTAL ENTR. REFEIÇÃO*","TOTAL ENTRADA","HORA","PRECIPITACAO_TOTAL,HORARIO_(mm)","PRESSAO_ATMOSFERICA_AO_NIVEL_DA_ESTACAO,_HORARIA_(mB)","PRESSAO_ATMOSFERICA_MAXNA_HORA_ANT_(AUT)_(mB)","PRESSAO_ATMOSFERICA_MIN_NA_HORA_ANT_(AUT)_(mB)","RADIACAO_GLOBAL_(W/m2)","TEMPERATURA_DO_AR_-_BULBO_SECO,_HORARIA_(C)","TEMPERATURA_DO_PONTO_DE_ORVALHO_(C)","TEMPERATURA_MAXIMA_NA_HORA_ANT_(AUT)_(C)","TEMPERATURA_MINIMA_NA_HORA_ANT_(AUT)_(C)","TEMPERATURA_ORVALHO_MAX_NA_HORA_ANT_(AUT)_(C)","TEMPERATURA_ORVALHO_MIN_NA_HORA_ANT_(AUT)_(C)","UMIDADE_REL_MAX_NA_HORA_ANT_(AUT)_(%)","UMIDADE_REL_MIN_NA_HORA_ANT_(AUT)_(%)","UMIDADE_RELATIVA_DO_AR,_HORARIA_(%)","VENTO,_DIREÇÃO_HORARIA_(gr)_(_(gr))","VENTO,_RAJADA_MAXIMA_(m/s)","VENTO,_VELOCIDADE_HORARIA_(m/s)"
2017-04-12,0,14,0,14,14,0,14,0,14,14,"12:00",0,950.7,951,950.4,401.1,22,19.2,22.1,21.1,19.7,19.1,91,84,84,25,2.8,0.9
2017-04-13,0,22,0,22,22,0,22,0,22,22,"12:00",0,953.3,953.3,952.8,1196,21,16.5,21.4,19.5,17.4,16.2,85,74,75,141,4.6,2.2
2017-04-17,0,10,0,10,10,0,10,0,10,10,"12:00",0,950.4,950.5,950.1,793.3,22.3,18.5,22.3,19.8,18.6,17.9,89,79,79,281,2,0.3
2017-04-18,0,27,0,27,27,0,26,0,26,26,"12:00",0,953.9,953.9,953.2,542.7,19.3,15.1,19.3,18.2,15.5,13.8,79,74,77,174,2.9,1.2
2017-04-19,0,18,0,18,18,0,17,0,17,17,"12:00",0,954.5,954.6,954.2,906,18.4,13.9,18.5,17.4,14.1,13.1,77,74,75,160,3.2,2.1
2017-04-20,0,14,0,14,14,0,14,0,14,14,"12:00",0,951.7,951.8,951.6,1310.6,20.5,15.6,20.8,18.7,16.1,15.3,82,73,73,41,8.2,4.9
2017-04-24,0,10,0,10,10,0,10,0,10,10,"12:00",0,954.3,954.3,954.2,1493.4,19.9,14.6,20.4,16.7,14.9,12.5,76,69,71,40,5.9,3.3
2017-04-25,0,26,0,26,26,0,26,0,26,26,"12:00",0,950.5,950.5,949.8,572.7,20.1,16.5,20.1,18.1,16.9,15.7,87,78,80,26,6,3.4
2017-04-26,0,17,0,17,17,0,17,0,17,17,"12:00",0,946.4,946.4,946.1,1272.4,24.1,18.3,24.1,20.2,18.8,17.5,85,70,70,95,3.8,2
2017-04-27,0,15,0,15,15,0,15,0,15,15,"12:00",0,950.9,950.9,949.9,222.5,20.1,17.9,20.1,19.6,18.4,17.9,91,87,87,215,5.6,3.6
2017-05-02,0,15,0,15,15,0,15,0,15,15,"12:00",0,954.8,955,954.7,901.3,18.4,14.7,18.5,16.6,15.2,14.4,88,79,79,114,3.1,1.7
2017-05-03,0,9,0,9,9,0,9,0,9,9,"12:00",0,956,956,955.6,1160.5,17.5,14.6,17.5,15.3,14.8,13.5,91,83,83,163,2.2,1
2017-05-04,0,41,0,41,41,0,41,0,41,41,"12:00",0,953.4,953.4,952.8,1413.8,19,15.6,19,16.9,15.9,14.6,87,80,81,38,3.4,1.8
2017-05-05,0,84,134,218,218,0,84,134,218,218,"12:00",4.2,953.2,953.4,952.3,92.5,18.1,17,18.2,17.9,17.1,16.8,94,94,94,22,1.8,0.8
2017-05-08,0,14,0,14,14,0,14,0,14,14,"12:00",0,950.6,950.6,950.2,572.3,17.7,14.9,17.7,15.8,15,13.9,89,83,84,139,2.5,0.7
2017-05-09,0,23,0,23,23,0,23,0,23,23,"12:00",0,949.8,949.9,949.6,1022.4,20,16.3,20.3,17.6,17,15.9,90,79,79,46,4.3,2.8
2017-05-10,0,162,0,162,162,0,162,0,162,162,"12:00",0,953.5,953.5,953,541.8,19,15.3,19,18.2,15.5,14.8,83,78,79,216,2.5,1.2
2017-05-11,0,28,0,28,28,0,28,0,28,28,"12:00",0,953.8,953.8,953.5,820.6,19.9,15.2,19.9,18.3,16.2,15.1,87,74,74,172,4.2,1.2
2017-05-12,0,28,0,28,28,0,27,0,27,27,"12:00",0,954.4,954.4,953.9,1358.8,18.8,12.8,18.9,17.1,13.3,12.3,76,67,68,39,7.3,3.2
2017-05-15,0,171,0,171,171,0,23,0,23,23,"12:00",0,949.9,949.9,949.1,955.8,18.8,14.2,18.9,17,15.5,13.7,86,72,75,238,2.6,1.8
2017-05-16,0,467,7,474,474,0,21,0,21,21,"12:00",0,952.1,952.1,951.6,325.1,17.2,13.4,17.2,16.7,13.8,13.2,82,78,79,201,3,1.3
2017-05-17,0,368,0,368,368,0,351,0,351,351,"12:00",0,953.2,953.2,952.7,379.9,17.8,13.5,17.9,17.3,13.8,13.4,79,76,76,45,5.4,3.7
2017-05-18,0,47,0,47,47,0,35,0,35,35,"12:00",0,952.7,952.7,952,705.9,18.7,14.9,18.7,17.5,15.1,14.4,84,78,78,42,6.2,4
2017-05-19,0,402,0,402,402,0,162,88,250,250,"12:00",1.6,947.1,947.2,947,139.5,16.4,15.3,16.5,16.2,15.4,15.2,94,93,93,43,5.3,3.6
2017-05-22,0,798,0,798,798,0,363,0,363,363,"12:00",0,951.2,951.3,950.9,556.3,20.3,18.5,20.4,19.3,18.7,18,93,89,89,234,5.1,1.8
2017-05-23,0,14,0,14,14,0,20,0,20,20,"12:00",0,955,955.1,954.9,1331.4,17.9,13.9,18.8,16.2,15.3,13.7,88,77,77,143,3.6,1.7
2017-05-24,0,29,0,29,29,0,42,39,81,81,"12:00",0,955,955,954.4,495.9,17.4,15.1,17.4,15.7,15.1,14,90,86,87,31,3.1,1
2017-05-25,0,17,0,17,17,0,117,71,188,188,"12:00",0,954.8,954.8,954.3,815.1,19.4,16.5,19.4,17.6,16.9,15.6,90,83,83,45,5.5,3.5
2017-05-26,0,92,0,92,92,0,141,45,186,186,"12:00",0,953.5,953.5,953.2,302.7,18.7,17.1,18.8,18.2,17.3,17,93,90,90,44,4.9,2.4
2017-05-29,0,40,0,40,40,0,16,0,16,16,"12:00",0,954.7,954.7,954.1,702,18.9,16.4,18.9,16.7,16.6,15.2,90,85,85,360,2,0.6
2017-05-30,0,19,0,19,19,0,27,0,27,27,"12:00",0,954.2,954.3,953.6,525.7,18.5,15.7,18.6,17,16,15.1,89,83,84,222,1.3,0.5
2017-05-31,0,22,0,22,22,0,17,0,17,17,"12:00",0,951.6,951.6,951.4,788.7,19.7,15.5,19.8,18.1,16.2,15.5,86,77,77,40,7.9,5.4
2017-06-01,0,17,0,17,17,0,12,0,12,12,"12:00",0,949.2,949.3,948.9,1114.9,18.7,14.5,18.9,15.4,14.7,13.3,88,75,77,341,2.6,0.9
2017-06-02,0,15,0,15,15,0,17,0,17,17,"12:00",0,953.1,953.1,952.3,1209.3,17.4,11.5,17.6,16.3,12.1,11.4,75,68,68,222,9,5.5
2017-06-05,0,618,87,705,705,0,431,188,619,619,"12:00",0,951.6,951.6,951.3,806.7,19.5,16.7,19.6,16.5,17.3,14.8,90,83,84,100,3.1,1.6
2017-06-06,0,570,106,676,676,0,442,222,664,664,"12:00",0,951.7,951.7,950.8,250.6,18.8,17.7,18.8,18.4,17.7,17.4,94,93,93,127,2,1.3
2017-06-07,0,642,36,678,678,0,393,233,626,626,"12:00",0,951.6,951.8,951.2,486.3,19.4,18,19.4,18.5,18,17.3,93,92,92,92,3,1.2
2017-06-08,0,662,20,682,682,0,408,171,579,579,"12:00",0,949.1,949.1,948.7,1100.3,20.2,17.2,20.2,16.9,17.2,15.4,91,81,83,295,2.1,0.7
2017-06-09,0,400,1,401,401,0,286,129,415,415,"12:00",0,949.1,949.1,948.4,353.9,19.7,17.5,19.7,19,17.5,16.9,89,86,87,196,2.7,1
2017-06-12,0,947,0,947,947,0,403,208,611,611,"12:00",0,952.9,952.9,952.2,1010.5,16.5,13.8,16.5,12.6,14.1,11.2,92,84,84,76,2.8,1.4
2017-06-13,0,600,0,600,600,0,449,196,645,645,"12:00",2.4,954.7,955.2,953.1,123.9,15.5,14.5,16.5,15.2,15.3,14.1,94,91,94,231,11.3,3.9
2017-06-14,0,405,0,405,405,0,376,165,541,541,"12:00",0,956.1,956.1,955.5,1124.1,18.3,16,18.4,15.6,17.3,14.7,95,86,87,69,2.8,1.3
2017-06-19,0,1046,0,1046,1046,0,433,204,637,637,"12:00",0,952.6,952.6,952.2,1052.2,17.3,12.9,17.3,13.9,12.9,11.6,87,74,76,148,2.6,1.6
2017-06-20,0,616,0,616,616,0,453,188,641,641,"12:00",0,956.1,956.1,955.5,600.1,17.1,15,17.5,15.4,15.6,14,92,87,87,82,2.3,1.1
2017-06-21,0,527,0,527,527,0,428,212,640,640,"12:00",0,959.4,959.4,958.9,1055.7,19.1,14,19.1,16.5,14.4,13.1,86,72,72,174,3,0.9
2017-06-22,0,351,0,351,351,0,352,196,548,548,"12:00",0,958.9,958.9,958.3,919.4,17.9,14.4,17.9,15,14.6,12.9,89,80,80,77,2.2,0.8
2017-06-23,0,314,0,314,314,0,321,106,427,427,"12:00",0,959.3,959.3,958.5,1052,18,13.9,18,14.3,14.1,12.3,88,76,77,51,1.9,1.1
2017-06-26,0,691,0,691,691,0,382,151,533,533,"12:00",0,959.2,959.2,958.6,990.1,14.7,11.6,14.7,12.1,11.9,10.5,91,82,82,261,2.4,0.9
2017-06-27,0,471,0,471,471,0,401,190,591,591,"12:00",0,957.7,957.7,956.8,538.8,15,13,15,12.7,13.1,11.4,92,88,88,41,2.8,0.5
2017-06-28,0,375,0,375,375,0,353,199,552,552,"12:00",0,958.1,958.1,957.8,1047.4,16.1,12.7,16.2,12.9,12.8,11.1,88,80,80,292,1.5,0.6
2017-06-29,0,273,0,273,273,0,308,139,447,447,"12:00",0,956.9,956.9,956.5,1053.5,17,14.1,17,13.7,14.2,12,90,83,83,35,1.5,0.9
2017-06-30,0,159,0,159,159,0,211,56,267,267,"12:00",0,956,956,955.6,1049.8,16,12,16,13.6,12.1,11.1,86,76,77,81,2.5,1.6
2017-07-03,0,143,0,143,143,0,134,45,179,179,"12:00",0,964,964,963.4,750,14.6,9.9,14.7,10.6,10.4,9.1,90,74,74,151,1.8,0.6
2017-07-04,0,161,0,161,161,0,138,57,195,195,"12:00",0,964,964.1,963.6,1118.6,14.2,9.2,14.2,11.5,9.5,7.9,80,72,72,50,8.2,6.2
2017-07-05,0,134,0,134,134,0,115,47,162,162,"12:00",0,963.8,963.8,963,602.4,11.9,8.7,11.9,9.4,8.9,7.8,90,81,81,240,2.2,1.3
2017-07-06,0,114,0,114,114,0,97,39,136,136,"12:00",0,961.4,961.5,961,1055.2,14.7,10.5,15.1,10.4,11.3,8.9,91,76,76,14,1.4,0.4
2017-07-07,0,31,0,31,31,0,45,4,49,49,"12:00",0,961.7,961.8,961.1,1007.1,15.1,11.1,15.1,11.8,11.4,9.7,88,77,77,258,2.1,0.5
2017-07-10,0,38,0,38,38,0,39,0,39,39,"12:00",0,959.2,959.2,958.6,614.1,15.8,12.9,15.9,13.8,13.1,11.7,89,83,83,104,1.9,0.7
2017-08-07,0,2034,0,2034,2034,0,319,238,557,557,"12:00",0,955.9,955.9,955.5,1282.8,15.8,10.7,15.8,10.2,11.5,8.4,88,71,71,50,9,6.7
2017-08-08,0,1208,0,1208,1208,0,503,313,816,816,"12:00",0,952.9,952.9,952.3,1234,18.1,11.9,18.2,16.1,12.2,11.2,75,66,67,123,5.6,1.9
2017-08-09,0,584,0,584,584,0,361,282,643,643,"12:00",0,949.5,949.5,949.2,1227.1,20.3,11.7,20.5,15.4,12.4,11.1,77,58,58,325,2,0.7
2017-08-10,0,518,0,518,518,0,438,237,675,675,"12:00",0,953.4,953.4,953,1160.3,17.8,12.6,18,15.2,13.1,11.7,80,72,72,248,2.6,1.4
2017-08-11,0,274,0,274,274,0,245,118,363,363,"12:00",0,955.2,955.2,954.5,733.7,17.3,11.8,17.3,16.2,11.9,11.1,72,70,70,168,3.7,1.8
2017-08-14,0,1013,2,1015,1015,0,346,268,614,614,"12:00",0,951.4,951.4,950.7,1039,19.6,14.7,19.6,16.7,15.1,14.3,87,73,73,37,2.8,1.4
2017-08-15,0,814,0,814,814,0,523,315,838,838,"12:00",0,953.7,953.8,953.4,182.2,15.6,14.4,15.7,15.1,14.5,13.9,93,92,93,255,2.5,1.2
2017-08-16,0,515,0,515,515,0,388,270,658,658,"12:00",0,952.3,952.3,951.9,674.5,18.4,15.9,18.4,16.6,16.2,15.4,93,85,85,113,1.9,0.7
2017-08-17,0,541,0,541,541,0,446,256,702,702,"12:00",0,953.1,953.1,952.3,165.2,17.2,15.6,17.3,16.8,15.6,15,90,89,90,288,3.1,0.9
2017-08-18,0,244,0,244,244,0,253,107,360,360,"12:00",0,952.4,952.4,951.7,513.8,18,15.3,18.1,16.7,15.7,14.9,89,84,84,127,3.4,1.1
2017-08-21,0,1051,0,1051,1051,0,358,255,613,613,"12:00",0,959.4,959.6,958.8,606.6,14.6,10.7,14.8,14,11.4,10.7,84,77,78,159,2.6,1
2017-08-22,0,656,0,656,656,0,464,281,745,745,"12:00",0,960.3,960.3,960,948.5,16,11.4,16,14.8,12.3,11.3,84,74,74,58,8.4,5.7
2017-08-23,0,532,0,532,532,0,405,271,676,676,"12:00",0,958.2,958.3,957.7,745.4,16.5,12.3,16.9,13.7,13,11.4,86,75,76,51,9,6.3
2017-08-24,0,431,0,431,431,0,415,225,640,640,"12:00",0,957.8,957.8,957.4,880.6,15.7,12.9,16.1,13.6,14.5,12.8,95,84,84,18,2.7,1.2
2017-08-25,0,257,0,257,257,0,266,98,364,364,"12:00",0,956.7,956.7,956.5,1144.9,16.7,12.2,16.8,13.1,13.4,11.1,88,74,75,40,9.3,5.6
2017-08-28,0,987,0,987,987,0,347,249,596,596,"12:00",0,953.9,954.1,953.5,1539.2,17.9,11.4,17.9,14.8,11.5,10.5,76,66,66,351,2.7,1.2
2017-08-29,0,756,0,756,756,0,491,288,779,779,"12:00",0,953.7,953.8,953.6,830.6,17.8,14.1,17.8,14.8,14.1,12.5,86,79,79,29,2.4,1.4
2017-08-30,0,577,0,577,577,0,375,271,646,646,"12:00",0,952.7,952.7,952.4,1530.1,19.6,14,19.6,16,14,12.9,83,69,70,76,2.7,1.2
2017-08-31,0,431,5,436,436,0,450,239,689,689,"12:00",0,956.6,956.6,956.1,1227.8,20.3,14.8,20.5,19.2,16.1,14.6,81,70,71,208,3.5,2
2017-09-01,0,267,0,267,267,0,224,85,309,309,"12:00",0,959.9,960,959.6,1143.3,19.6,14.1,19.9,17.7,14.5,13.9,80,70,70,349,2.6,1.2
2017-09-04,0,915,0,915,915,0,359,264,623,623,"12:00",0,956.8,957,956.8,1725.6,18.9,10.6,19,15.8,12.1,10.4,77,59,59,28,6.8,4.3
2017-09-05,0,639,0,639,639,0,480,285,765,765,"12:00",0,954.9,955,954.7,1562.7,20.1,11.8,20.2,15.8,12.1,10.9,76,57,59,69,2.4,1
2017-09-06,0,422,0,422,422,0,347,171,518,518,"12:00",0,955.2,955.2,954.9,1660.4,19.7,9.6,20,16.1,10.9,9.4,67,51,52,132,2.6,1.2
2017-09-11,0,1311,0,1311,1311,0,377,254,631,631,"12:00",0,954.3,954.3,954.2,1759.5,23.7,13.2,24.1,20,14.3,13,66,52,52,37,6.8,3.8
2017-09-12,0,734,2,736,736,0,477,271,748,748,"12:00",0,955.1,955.1,954.6,1701.8,23.8,12.8,24.1,20.2,14.6,12.7,67,50,50,36,7,4.6
2017-09-13,0,571,0,571,571,0,386,274,660,660,"12:00",0,955.5,955.7,955.4,1776,22.7,12.7,22.8,18.7,14,12.3,73,53,54,40,7.8,4.3
2017-09-14,0,341,0,341,341,0,449,195,644,644,"12:00",0,954.4,954.5,954.3,1812.4,23.8,12.2,23.9,19.2,12.9,11.8,67,48,48,37,2.4,1.2
2017-09-15,0,380,0,380,380,0,232,92,324,324,"12:00",0,955.5,955.5,955.3,1815.2,24.4,12.4,24.4,19.6,12.5,11.2,63,47,47,54,3.1,1.7
2017-09-18,0,1354,0,1354,1354,0,343,243,586,586,"12:00",0,955.8,955.9,955.6,1747.6,20.8,15,20.9,18.7,15.4,14.6,78,69,69,183,3.1,0.9
2017-09-19,0,536,0,536,536,0,470,268,738,738,"12:00",0,956.4,956.5,956.2,849.3,19.3,15.2,19.3,17.5,15.3,14.4,82,77,77,17,3.3,1.6
2017-09-20,0,259,0,259,259,0,336,136,472,472,"12:00",0,956.1,956.3,956.1,1806.2,21.6,14.9,21.7,18.3,15.5,14.2,78,65,66,42,6,4.7
2017-09-21,0,296,0,296,296,0,428,142,570,570,"12:00",0,955.9,956.1,955.9,1888.8,22.5,13.1,22.7,19.5,14.3,13.1,70,55,56,45,6.8,4.3
2017-09-22,0,213,1,214,214,0,263,95,358,358,"12:00",0,954.5,954.6,954.5,1705.8,24.3,11.9,24.5,20,12.5,11.1,60,45,46,43,6.8,4.3
2017-09-25,0,793,0,793,793,0,361,227,588,588,"12:00",0,956,956.2,956,1378.8,21.3,14.6,21.9,19.3,15.5,14.4,76,65,66,24,6,3.1
2017-09-26,0,592,1,593,593,0,472,272,744,744,"12:00",0,953.3,953.5,953.3,1933.2,20.9,13.1,20.9,18.1,13.7,12.7,73,61,61,51,8,5.2
2017-09-27,0,434,0,434,434,0,394,239,633,633,"12:00",0,950.1,950.4,950.1,1907,23.2,12.1,23.5,20.1,13.3,12.1,64,50,50,31,6.7,4
2017-09-28,0,489,0,489,489,0,446,221,667,667,"12:00",0,951.6,951.7,951.6,1846,24.6,13.3,24.6,20.7,14.6,13.1,66,49,49,229,3,1.6
2017-09-29,0,221,35,256,256,0,255,77,332,332,"12:00",0,953,953.3,953,854.2,21,15.2,21.2,20.2,15.3,14.7,71,69,69,14,2.5,0.8
2017-10-02,0,865,0,865,865,0,331,226,557,557,"12:00",0,942.8,942.8,942.4,856,23.5,15.4,24.2,22.4,15.9,14.8,63,59,60,38,10.4,5.5
2017-10-03,0,852,0,852,852,0,412,225,637,637,"12:00",0,950.5,950.5,949.4,211.5,19.6,15.8,19.8,19.5,17,15.8,85,79,79,228,4.1,2.6
2017-10-04,0,449,0,449,449,0,370,215,585,585,"12:00",0,955.3,955.4,955.1,1302.4,19.6,14.7,19.6,17.8,15.1,13.8,82,73,73,8,4.2,1
2017-10-05,0,568,0,568,568,0,411,205,616,616,"12:00",0,952.7,953,952.7,2149.5,20.9,14.3,21.2,18.1,14.8,13.1,73,66,66,31,7.2,4.1
2017-10-06,0,184,0,184,184,0,297,99,396,396,"12:00",0,952.9,953.1,952.9,2110.8,25.6,15.1,26,23.6,16.2,15,61,52,52,33,8.2,4.8
2017-10-09,0,524,118,642,642,0,319,230,549,549,"12:00",0,948.3,948.3,948,2116.8,27,15,27.1,24,16.7,14.8,63,47,48,43,6.8,4.4
2017-10-10,0,802,0,802,802,0,469,253,722,722,"12:00",0,948.6,948.6,948.3,2092.5,27.6,17.1,27.6,25.4,17.4,16.4,60,53,53,33,8.2,4.7
2017-10-11,0,307,0,307,307,0,323,168,491,491,"12:00",0,948.4,948.4,948,2089.4,25.7,19.7,25.7,23,20.4,19.3,82,70,70,99,3.7,1.4
2017-10-16,0,921,0,921,921,0,335,220,555,555,"12:00",0,956.4,956.5,956.3,1222.5,20.9,14.8,20.9,18.8,15.3,14.2,78,68,68,57,5.9,3.9
2017-10-17,0,650,0,650,650,0,456,268,724,724,"12:00",0,956.5,956.6,956.3,1146.1,20.4,15.6,20.7,19.7,16,15.3,76,73,74,46,8.1,5.5
2017-10-18,0,358,0,358,358,0,358,195,553,553,"12:00",0,953.6,953.8,953.6,2320,24.2,16.5,24.2,22,16.5,15.4,68,61,62,24,8.4,5.3
2017-10-19,0,335,0,335,335,0,391,160,551,551,"12:00",0,949.4,949.6,949.4,2340.6,26.6,11.6,27.1,24.8,12.3,10.7,43,37,39,33,9.2,4.9
2017-10-20,0,199,0,199,199,0,233,82,315,315,"12:00",0,950.9,950.9,950.3,2186.1,24.1,16.3,24.3,22.3,16.8,15.8,68,62,62,266,5.9,2.8
2017-10-23,0,401,0,401,401,0,202,70,272,272,"12:00",0,952.6,952.7,952.4,453,19.7,16.3,20.1,19.7,17.9,16.2,87,80,81,147,5.9,3.9
2017-10-24,0,241,0,241,241,0,227,56,283,283,"12:00",0,953.6,953.7,953.6,923.2,18.5,14.8,18.8,17.2,15.5,14.7,87,79,79,40,6.1,4.2
2017-10-25,0,191,0,191,191,0,209,55,264,264,"12:00",0,951.7,951.8,951.6,762,20.3,16.4,20.6,18.9,16.9,16,85,78,78,42,6.7,3.9
2017-10-26,0,140,0,140,140,0,149,52,201,201,"12:00",0,948.6,948.6,946.1,552.1,19.8,16.4,19.8,16.6,16.4,15.7,94,80,81,235,12.4,1.1
2017-10-27,0,67,0,67,67,0,95,16,111,111,"12:00",0,945.5,945.9,945.4,2001.7,24.9,18.2,25.4,22.8,19.3,16.8,80,60,66,40,3.2,1.7
2017-10-30,0,923,0,923,923,0,353,238,591,591,"12:00",0,944.8,945.6,944.8,2087.6,23.2,17.1,23.9,21.4,18,16.1,74,67,69,55,6.8,3.9
2017-10-31,0,594,0,594,594,0,451,258,709,709,"12:00",0,944.2,944.3,944.1,1117.4,22.2,18.8,22.4,21.7,19.1,18.5,84,80,82,220,7.3,5.3
2017-11-01,0,278,0,278,278,0,306,175,481,481,"12:00",0,952.2,952.3,951.9,2466.4,21.1,11.8,21.4,19.4,13.3,11.3,66,55,55,162,5.8,3.2
2017-11-06,0,1010,0,1010,1010,0,320,229,549,549,"12:00",0,951.7,951.8,951.3,589.1,20.3,16.2,20.4,19.6,16.7,15.8,82,76,77,214,3.4,1.4
2017-11-07,0,824,0,824,824,0,463,263,726,726,"12:00",0,951,951,950.8,1733.8,20.2,12.8,20.6,19,14,12.4,71,62,63,35,6,3
2017-11-08,0,514,0,514,514,0,352,234,586,586,"12:00",0,949.7,950,949.6,1425.4,19.1,13.8,20,17.9,14.7,13.8,79,70,71,41,9.4,6.1
2017-11-09,0,454,0,454,454,0,367,200,567,567,"12:00",0,949.1,949.3,949.1,1277.5,21.6,16,21.8,20.2,16.7,15.4,76,70,70,164,3.2,1.3
2017-11-10,0,185,0,185,185,0,220,85,305,305,"12:00",0,945.9,946.4,945.9,2504.1,25,17.4,25.4,23.3,18.6,17.3,73,63,63,51,6.7,4.2
2017-11-13,0,724,0,724,724,0,306,202,508,508,"12:00",0,947.9,948,947.9,2616.7,21.3,11.9,21.6,19.3,12.8,11.8,66,54,55,309,4.1,1.7
2017-11-14,0,415,0,415,415,0,428,203,631,631,"12:00",0,950.9,951,950.9,2673.8,19.6,13.4,19.8,17.4,14.5,13.1,80,67,68,33,5,1.5
2017-11-16,0,553,0,553,553,0,407,175,582,582,"12:00",0,926.4,926.4,925.8,3043.7,27.6,13.3,28.2,26.6,14.1,13.1,45,40,41,331,6.1,2.5
2017-11-17,0,176,0,176,176,0,218,55,273,273,"12:00",0,924.5,925.5,924.5,1854.6,21.8,16,22,20.6,16.9,15.4,75,69,70,10,6.5,2
2017-11-20,0,743,0,743,743,0,312,217,529,529,"12:00",0.2,924.7,924.8,924.4,670.8,20.7,16.4,20.8,20.2,16.8,16.4,80,76,77,103,6.3,3.9
2017-11-21,0,607,0,607,607,0,427,236,663,663,"12:00",0,924.8,924.9,924.3,1607.9,21.5,16.5,21.6,20.3,16.9,16,78,73,73,87,3.4,1.3
2017-11-22,0,464,0,464,464,0,336,223,559,559,"12:00",0,920.5,920.6,919.6,1238,22.6,18,22.7,21.7,18.7,17.6,82,75,75,292,4.9,2
2017-11-23,0,414,0,414,414,0,396,162,558,558,"12:00",0,926.6,926.6,926.1,1287.3,18.3,13,18.3,16.7,13.3,12.6,78,71,71,88,7.4,3.1
2017-11-24,0,156,0,156,156,0,212,57,269,269,"12:00",0,928.2,928.3,927.6,1812,19.3,14.6,19.9,18.3,15.4,14.4,80,73,74,115,4.2,1.2
2017-11-27,0,792,0,792,792,0,314,205,519,519,"12:00",0,925.9,926,925.5,1946.2,22.6,17.6,22.6,21.5,17.8,17.2,79,72,73,322,7.5,3.9
2017-11-28,0,663,0,663,663,0,437,222,659,659,"12:00",0,928.7,928.7,928.4,1152.9,21.6,16.3,21.7,20.4,16.6,15.9,78,72,72,139,4.9,2.3
2017-11-29,0,459,0,459,459,0,363,222,585,585,"12:00",0,927.7,927.9,927.7,2798.4,21.7,11,21.9,19.2,13.9,11,68,50,51,139,6.8,2.9
2017-11-30,0,361,0,361,361,0,460,224,684,684,"12:00",0,924,924.1,923.5,2743.4,19.8,13,20.4,18.4,13.4,12.5,70,63,65,93,6.3,3
2017-12-01,0,185,0,185,185,0,194,56,250,250,"12:00",0,923.4,923.5,923.3,1483,21.4,15.1,21.4,19.8,15.3,14.7,73,67,67,77,5.3,2.1
2017-12-04,0,636,0,636,636,0,294,170,464,464,"12:00",0,922.7,922.8,922.6,2104.5,23.2,17.1,24,21.6,18.2,16.2,74,65,68,50,4,0.6
2017-12-05,0,467,0,467,467,0,387,162,549,549,"12:00",0,926,926.1,925.9,2891.4,24.1,15.8,25.3,23.5,16.6,15.1,63,56,60,99,5.7,2.5
2017-12-06,0,378,0,378,378,0,351,188,539,539,"12:00",0,925.7,926,925.7,2181.8,23.9,16.2,24,21.1,16.7,15.8,72,62,62,77,6.7,2.4
2017-12-07,0,286,0,286,286,0,295,163,458,458,"12:00",0,922.2,922.7,922.2,1993.9,24.2,17.5,24.2,21.4,17.8,16.4,74,65,66,42,4.5,1.5
2017-12-08,0,117,0,117,117,0,145,45,190,190,"12:00",0,919.6,919.7,919.5,995.7,23,19.1,23,21.5,19.1,18.2,83,78,79,73,4,1.4
2017-12-11,0,371,0,371,371,0,263,126,389,389,"12:00",0,919.1,919.1,918.9,3054.7,26.5,14.4,26.9,24,15.8,13.4,59,45,47,275,3.3,1.4
2017-12-12,0,170,0,170,170,0,215,78,293,293,"12:00",0,927.7,927.7,927.2,629.3,18.7,14,18.8,17.8,14.1,13.4,77,74,74,145,8,3.1
2017-12-13,0,147,0,147,147,0,178,53,231,231,"12:00",0,929.4,929.4,929.1,700.7,18.3,13.5,18.4,17.9,13.6,13.1,74,73,74,94,7.9,3.4
2017-12-14,0,102,0,102,102,0,101,52,153,153,"12:00",0,928.7,928.7,928.6,3085.6,23.2,15.4,24.1,21,16.1,14.8,70,59,61,68,3.5,1.5
2017-12-15,0,52,0,52,52,0,64,17,81,81,"12:00",0,926.2,926.4,926.1,3039.4,25.7,15.8,26.2,24.3,16.4,15.6,59,54,54,308,7.5,3.7
2017-12-18,0,71,0,71,71,0,70,24,94,94,"12:00",0,928.4,928.6,928.3,2838.8,25.1,16.1,26,24.1,17,15.4,63,55,57,287,4.9,2
2017-12-19,0,24,0,24,24,0,42,3,45,45,"12:00",0,929.9,930.1,929.9,1844.2,23.9,16.3,24.4,22.2,17.6,16.3,71,63,63,118,5.3,2.2
2018-02-26,0,930,10,940,940,0,446,190,636,636,"12:00",0,949.8,949.8,949.5,935.1,22.6,19.2,22.7,21.2,19.6,18.5,86,81,81,40,5,3.1
2018-02-27,0,640,13,653,653,0,470,237,707,707,"12:00",0,949.3,949.3,949,821.3,22.1,19.5,22.3,21.1,20,19.2,90,84,85,74,2.3,1.1
2018-02-28,0,715,17,732,732,0,443,233,676,676,"12:00",0,947.3,947.5,947.2,1747.9,24.2,19.6,24.4,21.3,20.6,19.3,90,74,76,64,3.3,1.4
2018-03-01,0,566,23,589,589,0,461,231,692,692,"12:00",0,950.3,950.4,949.8,590.1,23.5,20.7,23.5,22.5,20.7,20.1,89,84,84,112,2.3,1.2
2018-03-02,0,334,21,355,355,0,308,92,400,400,"12:00",0,950.2,950.4,950.1,1210.8,25.1,21.5,25.1,23.5,21.5,20.8,86,78,81,4,2.5,1.2
2018-03-05,0,582,157,739,739,0,430,156,586,586,"12:00",0,944.9,944.9,944.7,2009.7,25.5,20.8,25.6,24,21.4,19.4,85,70,75,11,2.8,1.2
2018-03-06,0,820,12,832,832,0,502,289,791,791,"12:00",0,946.1,946.1,945.8,1616.3,25.1,20.7,25.1,23.1,21.5,19.7,87,74,76,187,2.9,1.1
2018-03-07,0,778,4,782,782,0,502,264,766,766,"12:00",0,945.4,945.5,945.1,1165,23.8,20.3,24.4,23.4,21.4,19.9,86,80,81,325,3.2,1.5
2018-03-08,0,729,5,734,734,0,514,261,775,775,"12:00",0,947.2,947.2,946.7,370.4,22.5,19.6,22.5,21.7,19.9,19.3,88,83,84,210,3.8,1.3
2018-03-09,0,449,2,451,451,0,378,102,480,480,"12:00",0,948.9,948.9,948.8,779.5,22.3,19,22.5,21.4,19.3,18.4,87,79,81,35,4.6,2.4
2018-03-12,0,621,105,726,726,0,413,252,665,665,"12:00",0,944.8,944.9,944.7,1188.1,22.9,19.3,23.2,20.9,19.9,18.9,90,79,80,140,2.7,1
2018-03-13,0,837,5,842,842,0,548,309,857,857,"12:00",0,947.2,947.3,946.6,295.1,23.2,20.7,23.2,22.7,21,20.3,90,84,86,133,2.3,0.7
2018-03-14,0,690,5,695,695,0,500,265,765,765,"12:00",0,949.1,949.2,948.6,1414,24.9,21.3,24.9,23.4,21.3,20.3,84,77,81,114,2.9,1.7
2018-03-15,0,728,0,728,728,0,544,274,818,818,"12:00",0,948.4,948.4,948,2064.7,24.5,19.1,24.6,21.6,20,18.3,88,69,72,14,3.3,1.1
2018-03-16,0,406,1,407,407,0,340,81,421,421,"12:00",0,948.6,948.7,948.4,1852.2,27.9,20.9,28.2,25.3,22.1,20.8,78,64,66,106,3.3,1.4
2018-03-20,0,968,3,971,971,0,553,286,839,839,"12:00",0,947.2,947.3,947,1782.7,26.5,21.3,26.5,23.9,21.3,20.2,82,72,73,227,3.5,1.7
2018-03-21,0,696,5,701,701,0,490,254,744,744,"12:00",0,947.2,947.2,947.1,990.1,23.6,19.7,23.6,22.1,20.4,19.1,85,79,79,179,3.1,1.7
2018-03-22,0,750,3,753,753,0,525,294,819,819,"12:00",0,949.1,949.1,948.6,1207.6,23.1,19.9,23.6,21.9,20.7,19.7,92,80,82,311,2.4,1.1
2018-03-23,0,449,10,459,459,0,389,104,493,493,"12:00",0,949.4,949.6,949.4,1028.1,24.2,18.9,24.3,22.2,19.4,18.5,83,72,72,49,6.9,4.3
2018-03-26,0,777,1,778,778,0,463,245,708,708,"12:00",0,950.7,950.7,950.4,1128.7,24.3,20.1,24.3,22,20.1,18.6,85,76,77,82,4.3,1.6
2018-03-27,0,725,4,729,729,0,520,266,786,786,"12:00",0,952.5,952.5,952.3,864.3,23.2,19.9,23.4,21.8,20.3,19.7,88,81,82,57,3.1,1.9
2018-03-28,0,649,3,652,652,0,398,217,615,615,"12:00",0,952.4,952.4,952.2,1775.7,24.3,18.7,24.4,22.7,19.7,18.6,82,71,71,43,6.5,3.8
2018-03-29,0,444,0,444,444,0,424,134,558,558,"12:00",0,952,952,951.7,1755.3,23.5,17.9,23.5,22,18.8,17.5,82,71,71,48,9.3,5.4
2018-04-02,0,869,2,871,871,0,486,233,719,719,"12:00",0,946.2,946.2,945.9,861.8,24.2,20.8,24.2,22.1,20.9,19.8,89,81,81,65,2.9,0.8
2018-04-03,0,763,0,763,763,0,551,280,831,831,"12:00",0,945.6,945.6,944.9,621.7,22.3,19.8,22.5,21,20.4,19.7,95,86,86,2,2.1,0.6
2018-04-04,0,856,0,856,856,0,465,251,716,716,"12:00",0,946.9,946.9,946.5,1795.6,23.3,18.1,24.2,21.5,19.6,17.8,83,71,73,137,2.9,1.4
2018-04-05,0,689,0,689,689,0,568,262,830,830,"12:00",0,947.7,947.7,946.9,984.8,22.9,18.3,23.3,21.8,19,18.2,83,75,75,127,2.2,1
2018-04-06,0,401,0,401,401,0,398,93,491,491,"12:00",0,948.8,948.8,948.4,833.7,22,18.5,22,20.5,18.8,18.1,87,81,81,234,2.1,0.7
2018-04-09,0,872,0,872,872,0,443,254,697,697,"12:00",0,952.5,952.6,952.4,1661.3,23.4,17.9,23.5,21.4,18.2,16.9,79,69,71,53,5.9,2.8
2018-04-10,0,754,0,754,754,0,572,277,849,849,"12:00",0,953.2,953.3,953,1620.8,22.7,17.4,23.1,20.6,18.1,16.5,79,71,72,45,5.7,3.6
2018-04-11,0,757,9,766,766,0,491,246,737,737,"12:00",0,953.6,953.7,953.2,1567.4,21.5,16.3,21.8,19.7,17.2,16.3,83,72,72,41,7.9,5.2
2018-04-12,0,700,3,703,703,0,532,260,792,792,"12:00",0,953.9,954,953.3,1555.7,21.8,16.9,22.1,19.8,17.4,16.2,81,72,74,117,2.6,0.9
2018-04-13,0,418,0,418,418,0,349,91,440,440,"12:00",0,954.4,954.4,954.2,1619.2,22.6,18.5,22.6,20.5,18.7,17.2,84,77,78,80,3.2,1.6
2018-04-16,0,817,0,817,817,0,448,224,672,672,"12:00",0,956.9,956.9,956.4,842,20.2,16.5,20.7,19.4,16.9,16.3,83,77,79,164,2.8,1.6
2018-04-17,0,792,2,794,794,0,547,284,831,831,"12:00",0,957.3,957.3,957,1645.3,19.9,15.4,19.9,17.9,15.4,14.7,83,74,75,45,9.5,4.8
2018-04-18,0,728,0,728,728,0,488,232,720,720,"12:00",0,958.2,958.3,958.1,1568.1,19.7,14.7,19.7,16.7,15.2,13.6,82,73,73,52,8,5.2
2018-04-19,0,717,2,719,719,0,526,236,762,762,"12:00",0,956.3,956.3,956.1,1038.7,18.9,14.6,18.9,16.6,15.1,14.4,88,76,76,35,7,4.6
2018-04-20,0,361,2,363,363,0,320,83,403,403,"12:00",0,954.1,954.2,954,1557.1,19.2,15.2,19.8,17,15.9,14.2,84,77,78,34,2.6,0.9
2018-04-23,0,832,2,834,834,0,460,222,682,682,"12:00",0,953.1,953.2,952.7,1420.4,21.3,16.4,21.3,18.7,17,16,87,74,74,56,7.3,5
2018-04-24,0,691,0,691,691,0,533,238,771,771,"12:00",0,954.1,954.1,953.9,1594.5,21.1,16.3,21.3,18.2,16.7,15.7,87,73,74,347,2.7,1.4
2018-04-25,0,775,0,775,775,0,481,262,743,743,"12:00",0,955.6,955.6,955.1,1429.8,22.4,17.6,22.5,19.4,17.7,16.7,85,74,74,22,2.2,0.8
2018-04-26,0,707,0,707,707,0,512,250,762,762,"12:00",0,954.5,954.5,954,488.9,20.4,17.9,20.4,19.2,18.1,17.6,90,85,85,18,2.5,1.2
2018-04-27,0,406,2,408,408,0,335,90,425,425,"12:00",0,954.3,954.3,953.9,1488.2,22.8,17.4,22.9,20.8,17.7,16.5,78,71,72,38,3.2,1.6
2018-05-02,0,808,0,808,808,0,457,186,643,643,"12:00",0,956.1,956.1,955.3,1344.3,22.3,17.5,22.6,19.7,17.8,16.4,83,73,74,82,3.8,1.8
2018-05-03,0,677,0,677,677,0,532,249,781,781,"12:00",0,955.3,955.3,954.8,1077.6,20.3,16.7,20.3,18.9,16.7,15.8,84,78,80,79,3.4,1.6
2018-05-04,0,403,0,403,403,0,344,94,438,438,"12:00",0,954.1,954.1,953.9,581.1,20.8,17.3,20.9,19.6,17.9,17.3,88,80,80,67,4.6,3.2
2018-05-07,0,764,0,764,764,0,439,198,637,637,"12:00",0,956.5,956.5,956.1,776.5,19.9,15.7,20.3,18.6,16.2,15.6,85,76,77,6,2,0.6
2018-05-08,0,729,1,730,730,0,503,260,763,763,"12:00",0,955.6,955.6,955.2,1513,20.4,16.1,20.8,18.8,17.1,15.7,85,75,76,20,3,1.1
2018-05-09,0,653,0,653,653,0,453,244,697,697,"12:00",0,956.2,956.2,956,1508.5,20.6,15.1,20.8,18.7,15.7,14.8,81,70,71,34,4.3,2.2
2018-05-10,0,677,0,677,677,0,529,230,759,759,"12:00",0,954.7,954.7,954,1399.4,19.9,14,20.5,18.8,15.2,14,79,68,68,53,8.1,5.4
2018-05-11,0,364,2,366,366,0,319,83,402,402,"12:00",0,953.3,953.3,953.1,1371.4,20,14.5,20,16.4,14.7,13.4,83,71,71,64,4.5,3
2018-05-14,0,674,0,674,674,0,413,204,617,617,"12:00",0,954.7,954.7,954.1,471.5,19.6,15.8,19.8,18.6,15.9,15.1,81,77,79,51,4.3,1.9
2018-05-15,0,736,5,741,741,0,490,274,764,764,"12:00",0,953.1,953.1,952.7,1331.7,21.9,16.4,21.9,18.5,17,15.7,84,71,71,43,4.2,2.4
2018-05-16,0,691,2,693,693,0,442,197,639,639,"12:00",0,950.6,950.6,949.9,1295,21.9,17.2,22.2,18.7,17.6,16.3,87,74,75,40,2.4,0.8
2018-05-17,0,671,4,675,675,0,464,269,733,733,"12:00",0,952.9,952.9,952.2,571.5,20.2,17,20.2,18.8,17.1,16.4,88,81,82,144,3.9,2.4
2018-05-18,0,431,0,431,431,0,352,104,456,456,"12:00",0,951.6,951.6,951.4,1037.2,20.6,16.8,20.7,16.6,17.8,15,92,79,79,51,7.9,4.7
2018-05-21,0,798,1,799,799,0,402,221,623,623,"12:00",0,952.5,952.5,952.2,1336.4,12.9,7.5,13.1,9.5,8.9,6.9,84,69,70,62,2.7,1.1
2018-05-22,0,660,26,686,686,0,507,273,780,780,"12:00",0,953.9,953.9,953.8,1281.5,13.1,8.9,13.6,10.6,9.7,7.9,86,75,76,351,2,0.7
2018-05-23,0,539,83,622,622,0,455,131,586,586,"12:00",0,955.7,955.7,955.3,1245,15.5,11.1,16.5,12.4,12.4,10.1,88,73,75,332,1.6,0.5
2018-05-24,0,52,0,52,52,0,68,0,68,68,"12:00",0,957.9,958,957.7,1102.4,17.9,13.9,17.9,15.1,13.9,12.7,86,76,77,43,3.2,1.8
2018-06-04,0,744,22,766,766,0,426,192,618,618,"12:00",0,958.6,958.7,958.2,919.9,17.3,11.1,17.5,14.8,13.1,11,85,67,67,179,2.5,0.9
2018-06-05,0,544,138,682,682,0,523,259,782,782,"12:00",0,953.1,953.1,952.5,318.5,16.7,13.5,16.7,15.9,13.6,13.3,85,81,82,47,5.4,2.9
2018-06-06,0,665,2,667,667,0,456,214,670,670,"12:00",0,948.2,948.2,947.8,556.5,18,15,18.1,16.8,15.6,14.5,89,82,83,303,1.9,0.7
2018-06-07,0,523,137,660,660,0,496,224,720,720,"12:00",0,950.8,950.9,949.5,260.3,18.3,17.2,18.3,16.9,17.2,16.1,95,94,94,191,4.1,1
2018-06-08,0,270,93,363,363,0,309,85,394,394,"12:00",0,952.3,952.3,951.5,837.7,18.9,14.9,18.9,17.1,15.4,14.5,89,77,78,218,5.8,3.8
2018-06-11,0,340,50,390,390,0,261,46,307,307,"12:00",0,952.1,952.2,951.8,646.4,18.8,16.9,19,15.7,17.2,14.8,94,89,89,62,3,1.7
2018-06-12,0,254,17,271,271,0,247,50,297,297,"12:00",0,950.9,951,950.2,1097,21.3,15.8,21.4,16.9,16.3,14.4,88,71,71,272,2.8,0.5
2018-06-13,0,623,43,666,666,0,453,190,643,643,"12:00",0,952.3,952.3,952,771.5,21.1,17.8,21.4,19.6,18,17.2,86,79,81,35,2.5,0.7
2018-06-14,0,625,2,627,627,0,425,242,667,667,"12:00",0,956,956,955.2,172.2,18.9,15.1,18.9,18.2,16.8,15.1,91,79,79,201,4.7,2.3
2018-06-15,0,421,7,428,428,0,353,98,451,451,"12:00",0,957.5,957.5,956.8,259.6,16,13.7,16.2,15.7,14.1,13.7,89,86,86,39,2,1
2018-06-18,0,506,129,635,635,0,382,127,509,509,"12:00",0,960.1,960.2,959.7,1076.5,18.2,14.2,18.7,15.7,14.9,13.8,89,76,78,216,2.5,0.9
2018-06-19,0,632,0,632,632,0,468,224,692,692,"12:00",0,959.7,959.7,959.5,766.5,18.6,14.3,19,17.2,15,14.1,84,75,76,42,7,4.7
2018-06-20,0,597,12,609,609,0,442,177,619,619,"12:00",0,959.3,959.3,958.8,307.6,15,13.7,15.1,14.2,14,13.5,95,92,92,56,5.2,1.8
2018-06-21,0,593,5,598,598,0,439,212,651,651,"12:00",0,956,956.1,955.8,1057.5,16.9,13.4,16.9,13.7,13.8,12.1,89,79,80,10,1.7,0.9
2018-06-22,0,41,0,41,41,0,0,44,44,44,"12:00",0,954.7,954.7,954.4,1009.5,18,14.1,18.1,14.2,14.3,12.2,88,77,78,24,2.7,0.7
2018-06-25,0,695,2,697,697,0,391,207,598,598,"12:00",0,953.2,953.2,952.9,1030.1,18.9,13.1,18.9,15.3,13.4,12.1,82,68,69,355,1.6,0.3
2018-06-26,0,618,0,618,618,0,469,243,712,712,"12:00",0,952.2,952.2,951.7,1027.2,17.7,12.5,17.8,13.9,12.8,10.9,83,71,71,6,1.5,0.7
2018-06-27,0,76,0,76,76,0,73,0,73,73,"12:00",0,954.2,954.2,953.5,988.6,18.1,12.1,18.1,14.3,12.1,10.1,79,67,68,346,1.6,0.4
2018-06-28,0,592,2,594,594,0,412,217,629,629,"12:00",0,955.9,956,955.2,567.8,14.6,13.8,14.8,12.7,13.9,11.8,95,94,95,32,1.8,0.5
2018-06-29,0,279,5,284,284,0,256,82,338,338,"12:00",0,954.5,954.5,953.9,1036.7,18.7,12.6,18.7,13.7,12.8,11,85,68,68,59,1.8,0.4
2018-07-02,0,129,1,130,130,0,0,133,133,133,"12:00",0,952.1,952.1,951.4,324.1,16,14.6,16.2,15.3,14.9,14.1,93,91,91,101,2.5,0.9
2018-07-03,0,442,2,444,444,0,363,155,518,518,"12:00",0,952.5,952.5,952,914.5,17.5,13.1,17.5,14.6,13.3,11.8,84,76,76,319,2,0.9
2018-07-04,0,264,5,269,269,0,216,111,327,327,"12:00",0,953.8,953.8,953,520.5,18.8,15.4,18.8,17.2,15.7,15.1,88,81,81,81,2.8,1
2018-07-05,0,220,0,220,220,0,204,65,269,269,"12:00",0,954.8,954.8,954.1,247.3,16.4,15.5,16.5,15.9,15.7,15.1,95,94,95,128,3.5,1.5
2018-07-06,0,13,0,13,13,0,18,0,18,18,"12:00",0,955.3,955.4,954.8,977,18.1,13.4,18.1,14.8,13.5,12.2,85,74,74,343,1.8,0.6
2018-07-10,0,116,0,116,116,0,110,35,145,145,"12:00",0.2,954.5,954.6,953.9,183.4,13.4,11.1,13.4,12.7,11.4,10.9,91,85,86,231,5.7,2.5
2018-07-11,0,89,0,89,89,0,68,34,102,102,"12:00",0,957.4,957.4,956.6,496.3,11.6,8.1,11.8,10.7,9.5,8,88,79,79,115,3.1,0.9
2018-07-12,0,51,0,51,51,0,40,19,59,59,"12:00",0,958.7,958.7,958.1,1076.7,10.3,7.4,10.4,7.1,7.8,6.1,93,82,82,157,3.6,2.1
2018-07-13,0,14,0,14,14,0,20,0,20,20,"12:00",0,956,956,955.5,250.3,11.5,9.3,11.6,10.9,9.4,9,88,86,86,146,3.6,1.6
2018-08-06,0,734,31,765,765,0,305,221,526,526,"12:00",0.6,954.8,955,952,129.1,14.6,13.2,14.6,13.6,13.3,12.5,93,91,91,266,7.8,1.3
2018-08-07,0,797,0,797,797,0,476,297,773,773,"12:00",0,956.6,956.6,956.4,394.6,15.5,12.9,15.6,14.6,13.5,12.7,89,84,85,115,2.7,1.6
2018-08-08,0,719,0,719,719,0,407,282,689,689,"12:00",0,956.2,956.2,955.6,458.6,17.5,14,17.6,16.5,14.4,14,86,80,80,52,5.3,3.6
2018-08-09,0,667,2,669,669,0,473,230,703,703,"12:00",0,949.8,950.2,949.7,489.7,18.3,16.4,18.4,17.4,16.6,15.9,93,86,88,20,6.3,3.6
2018-08-10,0,336,0,336,336,0,261,82,343,343,"12:00",0,949.1,949.2,948.9,1426.2,16.9,7.5,16.9,14.6,7.7,6.9,63,53,54,224,9.6,5.9
2018-08-13,0,725,1,726,726,0,331,276,607,607,"12:00",0,955.5,955.5,955.1,774.3,14.7,11.1,14.7,11.8,11.3,9.8,88,79,79,183,1.7,0.6
2018-08-14,0,714,0,714,714,0,467,292,759,759,"12:00",0,953.3,953.3,952.9,1463.8,17.6,11.6,17.7,15.7,12,11.2,75,68,68,50,6.5,4.2
2018-08-15,0,669,2,671,671,0,436,264,700,700,"12:00",0,953.5,953.5,952.9,1022.3,14.4,12.5,14.4,11.6,12.9,10.4,93,88,89,342,2.2,1.4
2018-08-16,0,685,0,685,685,0,460,252,712,712,"12:00",0,957.7,957.7,956.9,248.5,17,13.2,17,16.3,13.2,12.9,80,78,78,122,1.6,0.5
2018-08-17,0,296,12,308,308,0,260,74,334,334,"12:00",0,960,960,959.4,776,17.5,12.9,17.8,16.4,13.8,12.7,83,73,75,139,2.6,1.3
2018-08-20,0,684,2,686,686,0,358,244,602,602,"12:00",0,957,957,956.8,1429.6,20.4,14,20.6,16.1,14.5,12.7,80,66,67,41,7.8,5.2
2018-08-21,0,733,2,735,735,0,465,291,756,756,"12:00",0,956.7,956.7,956.3,1212,19.5,12.9,19.5,15.1,13.1,11.4,80,66,66,63,5.3,2.9
2018-08-22,0,671,1,672,672,0,415,264,679,679,"12:00",0,955.9,956,955.7,917.3,17.3,14,17.4,15.4,14.4,13.6,89,80,81,57,4.3,1.1
2018-08-23,0,651,2,653,653,0,485,207,692,692,"12:00",0,952.5,952.5,951.9,1385.2,21.2,14.2,21.3,18,15,14.2,81,64,64,96,3.3,1.4
2018-08-24,0,317,0,317,317,0,243,81,324,324,"12:00",0,951.8,951.8,951.6,1204,22.3,15.6,22.3,18.7,15.8,14.8,78,66,66,110,3,1
2018-08-27,0,705,0,705,705,0,337,267,604,604,"12:00",0,958.9,958.9,958.2,400.2,15.3,12,15.5,14.3,12.6,12,87,81,81,57,2.7,0.8
2018-08-28,0,692,80,772,772,0,495,225,720,720,"12:00",0,959.1,959.1,958.6,386,16.9,12.8,17.1,16.4,13.3,12.8,81,76,76,48,7.1,4.2
2018-08-29,0,624,4,628,628,0,387,245,632,632,"12:00",0,958.2,958.2,957.9,429,17,14,17,14.9,14.1,12.9,88,82,83,41,4.5,3.1
2018-08-30,0,772,2,774,774,0,429,246,675,675,"12:00",0,954.8,954.8,954.5,1599.7,20.4,14.3,20.4,16.6,15.2,13.6,83,68,68,35,4.9,3.4
2018-08-31,0,258,0,258,258,0,288,72,360,360,"12:00",0,951.6,951.6,951,1594.3,22.1,14.9,22.1,17.9,14.9,13.3,77,64,64,76,2.9,1.3
2018-09-03,0,638,0,638,638,0,337,239,576,576,"12:00",0,947.2,947.3,947.1,1356.4,22.4,15.2,22.4,20.1,16,15.2,76,64,64,274,3.1,1.4
2018-09-04,0,381,263,644,644,0,381,263,644,644,"12:00",0,947.2,947.2,946.8,1642.4,16.6,8.2,17.7,15.6,9.8,8.2,65,55,58,237,8.1,4.6
2018-09-05,0,577,0,577,577,0,402,261,663,663,"12:00",0,955,955,954.5,1455.4,15.2,10.6,15.2,13.6,11,9.7,85,71,74,267,3.9,1.5
2018-09-06,0,406,110,516,516,0,417,172,589,589,"12:00",0,957.3,957.3,957.1,1810.8,17.1,10.7,17.1,13.8,11.4,9.9,78,66,66,79,4.6,2.2
2018-09-10,0,670,0,670,670,0,312,233,545,545,"12:00",0,955.1,955.1,954.6,1689.7,19.5,13.6,19.5,16.9,14.2,13.3,80,69,69,67,3.6,1.6
2018-09-11,0,681,2,683,683,0,432,292,724,724,"12:00",0,952.2,952.3,952.1,1397,19.2,12.4,19.8,17.6,13.2,12.2,75,63,65,69,6.5,3.8
2018-09-12,0,630,2,632,632,0,413,240,653,653,"12:00",0,954.3,954.3,953.9,1450.5,19.3,12.4,19.8,17.5,13.5,12.3,75,63,65,51,7.6,5
2018-09-13,0,630,0,630,630,0,416,252,668,668,"12:00",0,951.9,952,951.9,1233.6,19,13.2,19.6,17.6,14.1,13.2,77,69,69,40,8,5.4
2018-09-14,0,205,53,258,258,0,247,53,300,300,"12:00",0,949.6,950.3,949.6,352.5,18,14.9,18,17,15.1,14.2,86,82,83,181,8.5,1.3
2018-09-17,0,660,0,660,660,0,321,243,564,564,"12:00",0,950.2,950.6,949.9,339.5,15.2,12.5,15.3,14.3,13,12.5,90,84,84,132,2.4,0.7
2018-09-18,0,549,122,671,671,0,384,248,632,632,"12:00",0,947.7,948,947.7,1391.1,20.3,17.5,20.3,17.8,17.5,16.3,92,82,84,70,3.4,1.8
2018-09-19,0,543,1,544,544,0,393,191,584,584,"12:00",0,949.9,949.9,949.3,1749.9,23.5,16.3,24.2,20.7,17.4,16.3,78,64,64,9,3.5,0.9
2018-09-20,0,559,2,561,561,0,409,221,630,630,"12:00",0,951.9,952,951.3,647.7,21.8,17.7,21.8,20.6,18,17.2,83,77,78,213,4.1,2.3
2018-09-21,0,307,0,307,307,0,268,66,334,334,"12:00",0,949.9,950,949.7,1662.7,21.1,17.4,21.1,19.2,17.4,16.7,87,78,79,248,4,1
2018-09-24,0,318,219,537,537,0,316,219,535,535,"12:00",0,949.5,949.5,949.2,1968.9,24.2,17.2,24.3,20.7,17.8,16.2,76,65,65,36,3.1,0.9
2018-09-25,0,756,1,757,757,0,424,278,702,702,"12:00",0,950.3,950.4,949.8,1698.6,22.6,16.2,23.2,20.3,17.2,16.1,77,67,67,49,7.4,3.4
2018-09-26,0,663,0,663,663,0,407,252,659,659,"12:00",0,949.1,949.3,949.1,1392.7,23.5,17.6,23.8,21.1,18.2,17.3,81,70,70,37,5.6,3.4
2018-09-27,0,616,0,616,616,0,432,241,673,673,"12:00",0,946.7,947.1,946.7,1832.8,25.3,18.2,25.5,22.1,19.4,18,80,64,65,61,6.2,4
2018-09-28,0,285,0,285,285,0,238,73,311,311,"12:00",0.6,950.9,950.9,950.4,187.6,20.7,18.1,20.8,20.5,18.2,17.8,86,83,85,220,2.9,0.8
2018-10-01,0,531,114,645,645,0,310,212,522,522,"12:00",0,948.8,948.8,948.3,210.9,21.3,19.2,21.3,20.5,19.2,18.8,90,88,88,58,2.2,0.4
2018-10-02,0,504,230,734,734,0,432,230,662,662,"12:00",0,949.6,949.9,949.6,2195.2,23.1,17.5,23.2,20.6,18.2,17,83,70,70,345,3.4,1.1
2018-10-03,0,549,14,563,563,0,422,232,654,654,"12:00",0,948.6,948.6,948.4,2019.8,25.5,17.9,25.6,23,18.5,17.3,73,63,63,359,2.4,0.8
2018-10-04,0,607,0,607,607,0,440,210,650,650,"12:00",0,951.4,951.4,951.1,1113.4,22.3,19.1,22.3,21,19.6,18.6,89,81,82,233,3.6,2
2018-10-05,0,233,18,251,251,0,216,80,296,296,"12:00",0,952.6,952.7,952.4,858.3,21.3,15.5,21.5,20.4,16.5,15.4,78,69,70,162,5.9,3.4
2018-10-08,0,581,0,581,581,0,287,221,508,508,"12:00",0,951,951.1,951,384.6,19.9,18.1,20,19.6,18.2,17.8,90,89,89,41,4,3
2018-10-09,0,707,0,707,707,0,411,270,681,681,"12:00",5.4,949.3,949.4,948.9,237.4,19.6,18.4,19.6,19.2,18.4,18,93,92,93,34,6.3,3.7
2018-10-10,0,501,3,504,504,0,387,196,583,583,"12:00",0,947.6,947.6,947.2,857,24.6,18.6,24.6,23.3,19.7,18.1,80,69,69,201,3.9,2.1
2018-10-11,0,443,3,446,446,0,355,152,507,507,"12:00",0,952,952,951.7,535.2,22.7,18.7,22.7,22.1,18.9,18.5,81,77,78,157,5.5,2.6
2018-10-15,0,172,0,172,172,0,110,28,138,138,"12:00",0,948.3,948.3,947.9,798.4,19.3,17.6,19.5,18.6,18.3,17.3,94,88,90,46,4.8,3.1
2018-10-16,0,195,4,199,199,0,165,45,210,210,"12:00",0,948.6,948.7,948.4,918.3,21,17.5,21.1,20.3,17.9,17,84,80,80,21,4.1,1.9
2018-10-17,0,253,2,255,255,0,188,72,260,260,"12:00",0,949.6,949.8,949.5,1234.5,23.4,18.9,23.4,22.4,19.3,18.5,79,75,76,26,4.4,2.4
2018-10-18,0,143,45,188,188,0,138,48,186,186,"12:00",0,947.1,948,947.1,1013.1,23,20.3,23.2,21.6,21.3,20.1,91,85,85,45,5,3.2
2018-10-19,0,38,0,38,38,0,49,1,50,50,"12:00",0,947.2,947.2,946.7,1454.1,23.2,17.8,23.6,22.5,18.2,17.3,74,70,72,245,6,3.1
2018-10-22,0,620,0,620,620,0,323,201,524,524,"12:00",0,951.4,951.7,951.4,2430.6,20.4,13.4,20.6,19.1,13.9,12.6,68,62,64,32,6.1,3.7
2018-10-23,0,766,0,766,766,0,412,272,684,684,"12:00",0,949.3,949.4,949.1,2390.9,24.1,16.5,24.2,20.9,17.6,16.3,77,63,63,58,4.3,2.2
2018-10-24,0,508,0,508,508,0,382,228,610,610,"12:00",0,951.9,951.9,951.4,212.4,20.8,17.6,20.8,20.6,17.7,17.3,83,81,82,147,3.1,1.5
2018-10-25,0,458,183,641,641,0,402,183,585,585,"12:00",0,950,950,949.9,504,20,17.8,20.1,19.3,18.2,17.7,91,87,87,72,4.6,3
2018-10-26,0,241,4,245,245,0,263,63,326,326,"12:00",0,947.7,947.7,947.5,869.5,21,18.4,21,20.2,18.6,17.8,87,84,85,27,3.8,2.3
2018-10-29,0,511,0,511,511,0,293,185,478,478,"12:00",0,950.8,951.1,950.8,1560.9,18.8,13.7,19.2,17.9,14,13.1,74,70,72,23,4.5,2.8
2018-10-30,0,667,0,667,667,0,437,256,693,693,"12:00",0,952.1,952.2,952,1030,19,14.9,19.1,18,15.2,14.5,81,76,77,71,4.8,2.9
2018-10-31,0,563,0,563,563,0,362,208,570,570,"12:00",0,950.2,950.3,950.1,2449.4,24.6,18.3,24.6,22,18.3,17.1,76,68,68,43,6.9,3.9
2018-11-01,0,407,2,409,409,0,344,131,475,475,"12:00",0,948.6,949.2,948.6,1316.6,23.4,19.2,23.4,20.8,19.4,18.3,88,78,78,193,4.5,0.8
2018-11-05,0,553,2,555,555,0,299,181,480,480,"12:00",0,951.5,951.6,951,508,19.5,15.9,19.7,19.1,16.4,15.7,84,79,79,337,3.5,1.9
2018-11-06,0,620,0,620,620,0,400,205,605,605,"12:00",0,950.9,950.9,950.8,1006.5,18.3,15.7,18.6,17.7,16.3,15.5,89,84,85,30,5.3,3.9
2018-11-07,0,555,0,555,555,0,358,215,573,573,"12:00",0,951.4,951.5,951,1327.1,21.4,17.9,22,21,18.8,17.7,86,78,81,145,4.9,2.2
2018-11-08,0,532,0,532,532,0,380,195,575,575,"12:00",1.2,953.9,953.9,953.6,298.4,18.8,17.3,19.2,18.8,17.9,17.3,92,91,91,35,3.8,2.8
2018-11-09,0,284,0,284,284,0,234,62,296,296,"12:00",0,953.1,953.2,953,2148.4,21,15.2,21.6,19.7,16.5,14.7,78,69,69,57,8.6,6
2018-11-12,0,555,0,555,555,0,293,208,501,501,"12:00",0,948.2,948.3,948,2447.8,25.5,19.2,25.5,23.8,19.6,18.5,75,68,68,47,6.4,3
2018-11-13,0,642,0,642,642,0,360,243,603,603,"12:00",0,949.8,949.8,949.4,2467.3,25.8,18.8,26.5,24.1,20.2,18.8,75,65,65,31,6.5,3.9
2018-11-14,0,305,1,306,306,0,282,111,393,393,"12:00",0,946.7,946.7,946.5,2020.9,27.8,19.1,28.1,26.4,20,18.6,65,58,59,41,7.4,4.1
2018-11-19,0,468,2,470,470,0,246,171,417,417,"12:00",1.2,949.4,949.4,948.9,541.6,20,18.7,20,18.9,18.7,17.9,94,92,92,248,5.4,1.9
2018-11-20,0,353,217,570,570,0,294,217,511,511,"12:00",0,952.9,952.9,952.6,1200.2,19.5,15,19.6,17.3,15.1,13.9,81,73,75,122,5.4,2.6
2018-11-21,0,519,0,519,519,0,378,184,562,562,"12:00",0,953,953,952.8,892.6,18.1,14.7,18.4,17.6,15.3,14.6,83,80,80,53,5.9,3.6
2018-11-22,0,517,0,517,517,0,389,204,593,593,"12:00",0,951.1,951.2,950.9,2573.4,24,16.6,24.3,22.1,17.6,15.9,74,62,63,44,7.1,2.8
2018-11-23,0,216,0,216,216,0,191,49,240,240,"12:00",0,947.9,948.4,947.9,2504.3,26.5,16,26.8,24.9,17.2,16,61,52,52,40,6,2.9
2018-11-26,0,620,0,620,620,0,260,197,457,457,"12:00",0,952.3,952.4,951.9,819.4,21.3,17.5,21.4,20.2,18,17.1,86,77,79,196,4.6,2.2
2018-11-27,0,660,3,663,663,0,458,281,739,739,"12:00",0,953.4,953.4,953.3,2542,21.7,14.6,21.8,20.1,15,13.7,69,63,64,300,2.9,1.3
2018-11-28,0,529,2,531,531,0,371,196,567,567,"12:00",0,952,952.2,952,2093.1,23.4,16.7,23.7,21.4,17.6,16.3,75,65,66,48,8.7,4.4
2018-11-29,0,501,0,501,501,0,339,200,539,539,"12:00",0,949.3,949.4,949.1,2399.5,24.3,17.5,25,22.6,18.8,17.3,75,65,66,54,8.1,4.6
2018-11-30,0,284,6,290,290,0,261,68,329,329,"12:00",0,945.4,945.4,945.2,1271.6,23.8,19.2,23.8,22.1,19.3,18.1,80,75,76,89,2.8,0.8
2018-12-03,0,528,0,528,528,0,308,155,463,463,"12:00",0,946.5,946.5,946.2,1114.3,22.7,16,22.8,20.8,16.6,15.8,75,66,66,159,4.9,2.9
2018-12-04,0,544,0,544,544,0,365,189,554,554,"12:00",0,943.8,944,943.8,2534.4,23.9,17.1,24,21.9,17.4,16.4,73,66,66,50,7.6,4.9
2018-12-05,0,425,4,429,429,0,299,137,436,436,"12:00",0,944.2,944.2,943.9,1970.4,26.2,20.2,26.4,23.3,20.6,19.3,79,69,70,75,2.5,0.7
2018-12-06,0,371,0,371,371,0,305,128,433,433,"12:00",0,949.3,949.3,949.1,2514.6,24,17.6,24.7,21.6,18.7,17.2,77,66,67,31,3.7,1.5
2018-12-07,0,168,0,168,168,0,163,44,207,207,"12:00",0,949.7,949.8,949.4,539.8,19.9,18,19.9,18.9,18.1,17.7,93,89,89,174,2.1,1.4
2018-12-10,0,218,4,222,222,0,135,70,205,205,"12:00",0,956,956.1,956,2557.1,23.5,14.4,23.9,21.3,15.2,14,66,56,57,53,6.8,4.1
2018-12-11,0,299,9,308,308,0,219,122,341,341,"12:00",0,955,955.1,954.8,2481.5,26.2,15.7,26.7,23.2,17.9,15.7,66,52,52,56,4.9,2.6
2018-12-12,0,231,0,231,231,0,189,60,249,249,"12:00",0,952.8,953,952.7,2471,27.3,16.4,27.8,24.9,17.6,16,62,50,51,43,6.4,3.1
2018-12-13,0,176,0,176,176,0,141,66,207,207,"12:00",0,951,951.1,950.8,2452.1,27.9,16.1,27.9,25.2,17.7,15.6,59,48,49,54,5.4,2.2
2018-12-14,0,50,0,50,50,0,52,21,73,73,"12:00",0,950.9,951,950.6,2466.9,26.2,16.3,26.7,23.6,17.3,15.9,64,54,54,33,3.2,1.4
2018-12-17,0,111,7,118,118,0,77,50,127,127,"12:00",0,951.2,951.4,951.2,2379.9,27.5,20.2,27.6,26.1,21,19.9,73,64,64,39,6.5,4.2
2018-12-18,0,95,6,101,101,0,88,27,115,115,"12:00",0,950.8,950.9,950.6,1734.4,25.7,21.1,25.7,22.8,21.1,20,88,72,75,49,5.3,3
2018-12-19,0,58,0,58,58,0,44,14,58,58,"12:00",0,949.6,950,949.6,2620.3,27.7,19,28.5,25.8,20.5,18.7,70,58,59,72,5.7,2.9
2018-12-20,0,40,0,40,40,0,35,17,52,52,"12:00",0,948.7,948.8,948.7,1584.5,25,20.4,25.2,23.5,20.9,19.4,80,74,76,71,3.1,1.7
2018-12-21,0,10,0,10,10,0,14,0,14,14,"12:00",0,948.7,949.1,948.7,837.1,24.4,20.5,24.4,23.7,20.6,19.7,81,78,79,224,3.8,1.6
2019-02-20,0,966,0,966,966,0,441,246,687,687,"12:00",0,947.9,947.9,947.4,945,23.7,19.6,23.7,21.4,20.1,19.3,89,78,78,103,2,0.5
2019-02-21,0,779,0,779,779,0,458,279,737,737,"12:00",0,949.8,949.8,949.4,801.7,22.9,20.1,22.9,22,20.5,19.6,91,83,84,115,2.6,1.5
2019-02-22,0,314,0,314,314,0,275,61,336,336,"12:00",0,951.6,951.6,951.1,1854.8,25.5,21.2,25.5,23.6,21.6,20.4,85,76,77,41,6,2.7
2019-02-25,0,807,0,807,807,0,455,196,651,651,"12:00",0,946.4,946.4,946.2,1602.2,27.6,21.9,27.6,24.8,22.3,20.9,82,71,71,264,2.1,0.6
2019-02-26,0,615,0,615,615,0,401,233,634,634,"12:00",0,949.8,949.9,948,184.7,21.4,19.2,21.4,21.1,19.8,19.1,91,87,87,246,9,1.6
2019-02-27,0,764,6,770,770,0,380,228,608,608,"12:00",0,948.1,948.1,947.6,774.3,22.4,19.7,22.4,21.5,20.1,19.4,89,84,85,246,3.7,0.6
2019-02-28,0,534,0,534,534,0,394,252,646,646,"12:00",0,948.5,948.5,948.3,919.7,23.7,20.4,23.7,22.2,20.9,20.2,90,82,82,27,3.5,1.8
2019-03-01,0,203,0,203,203,0,224,44,268,268,"12:00",0.6,949.4,949.5,949.2,728.6,22.7,20.7,22.7,21.6,20.8,20.4,93,88,89,131,1.9,0.8
2019-03-07,0,676,0,676,676,0,387,221,608,608,"12:00",0,952.6,952.6,952,1201.6,24.4,20.6,24.4,23,21.1,20.3,85,80,80,39,4,2.2
2019-03-08,0,228,0,228,228,0,209,64,273,273,"12:00",0,951.5,951.6,951.3,1430.2,24.5,20.3,24.5,22.6,20.6,19.8,86,78,78,49,2.4,0.8
2019-03-11,0,731,1,732,732,0,434,234,668,668,"12:00",4.6,952,952.1,951.2,315,20.4,19.1,20.4,20.2,19.1,18.7,92,90,92,66,1.7,1
2019-03-12,0,667,2,669,669,0,417,287,704,704,"12:00",0,950.6,950.7,950.3,895.5,23.2,19.1,23.2,21.7,19.4,18.8,85,77,78,242,2.8,0.9
2019-03-13,0,694,0,694,694,0,458,239,697,697,"12:00",0,949.1,949.3,949.1,2049.4,24.6,19.4,24.8,22.7,19.7,18.2,82,71,73,9,3.6,1.2
2019-03-14,0,582,1,583,583,0,371,268,639,639,"12:00",0,948.8,948.8,947.9,1035.9,24.2,21.4,24.5,22.6,21.8,20.7,91,83,84,6,3.6,1.6
2019-03-15,0,359,0,359,359,0,318,73,391,391,"12:00",0,949.8,949.8,949.3,1080.8,24.1,21,24.1,22,21,19.9,90,81,83,125,2.8,0.7
2019-03-20,0,912,7,919,919,0,473,303,776,776,"12:00",0,946.2,946.2,945.9,1331.5,24.1,19.8,24.6,23.4,21.2,19.7,85,76,77,290,2.5,1.3
2019-03-21,0,668,0,668,668,0,454,274,728,728,"12:00",0.6,947.9,947.9,947.1,235.6,20.5,18.2,20.8,20.5,18.7,18.2,89,86,87,183,3.6,2.2
2019-03-22,0,392,2,394,394,0,341,81,422,422,"12:00",0,951.5,951.5,950.9,1216.8,21.6,17.1,21.7,20.6,17.6,16,79,74,76,15,4.2,2.5
2019-03-25,0,708,4,712,712,0,456,166,622,622,"12:00",0,949.8,949.9,949.5,1770.8,23.8,19,24.1,21.7,19.7,18.3,83,74,75,45,4.9,3.1
2019-03-26,0,776,2,778,778,0,506,317,823,823,"12:00",0,951,951,950.7,1725.3,23,16.9,23.4,21,17.4,15.5,74,68,69,51,2.7,1.3
2019-03-27,0,755,3,758,758,0,459,282,741,741,"12:00",0,953.6,953.6,953.4,1713.9,23.1,16.3,23.4,20.8,17,15.7,77,64,65,59,4.5,2.8
2019-03-28,0,710,4,714,714,0,486,268,754,754,"12:00",0,955.2,955.2,954.9,984.4,23.1,18.3,23.2,22.3,18.7,17.7,77,73,74,15,4.7,1.7
2019-03-29,0,339,0,339,339,0,324,57,381,381,"12:00",0,956.6,956.7,956.2,1042,21.1,16.8,21.5,19.5,17.1,16.2,85,74,77,77,2.8,1.5
2019-04-01,0,833,0,833,833,0,450,217,667,667,"12:00",0,951.1,951.2,950.6,548.6,21.4,17.6,21.4,20.4,18.1,17.4,86,78,79,64,5.3,3.9
2019-04-02,0,692,0,692,692,0,502,295,797,797,"12:00",0,951.1,951.1,950.8,1123.9,22.1,16.7,22.7,20.4,18.1,16.5,83,71,72,42,5,2.9
2019-04-03,0,750,0,750,750,0,466,254,720,720,"12:00",0,949.2,949.2,948.9,476.9,21,17.7,21.1,20.4,18.3,17.5,86,81,81,63,3.9,2.4
2019-04-04,0,645,2,647,647,0,472,228,700,700,"12:00",0,947.5,947.5,947.1,740.2,21.2,18.2,21.2,18.7,18.2,16.7,88,83,83,4,2.2,0.7
2019-04-05,0,313,3,316,316,0,282,53,335,335,"12:00",0,947.2,947.2,946.6,1572,25.8,20.6,25.8,23,20.6,19.2,79,73,73,49,3.5,1.5
2019-04-08,0,747,4,751,751,0,431,224,655,655,"12:00",0,948.8,948.8,948.3,915.1,23.8,20.6,23.8,22.4,21.1,20.4,92,82,82,14,1.9,0.7
2019-04-09,0,785,12,797,797,0,501,317,818,818,"12:00",0.2,949.9,949.9,949.6,1323.7,22.2,18.1,23.1,20.6,19.5,18.1,90,75,78,224,3.5,2.2
2019-04-10,0,719,8,727,727,0,452,234,686,686,"12:00",0,951.7,951.7,951.3,921.4,21.5,17,21.6,20.6,18.1,16.9,84,75,76,136,5.2,2.6
2019-04-11,0,629,4,633,633,0,436,225,661,661,"12:00",0,951.6,951.6,951.2,650.3,20.9,17.6,20.9,18.8,17.8,16.7,89,82,82,24,1.6,0.7
2019-04-12,0,312,4,316,316,0,293,48,341,341,"12:00",0,950.7,950.8,950.5,1320.6,23.2,18,23.5,21.3,18.8,17.6,83,72,73,63,4.4,1.9
2019-04-15,0,730,3,733,733,0,421,207,628,628,"12:00",0,952.5,952.5,952.3,961.8,21.8,19.1,22.1,20.7,19.7,18.5,89,84,85,34,6.1,3.8
2019-04-16,0,673,3,676,676,0,484,276,760,760,"12:00",0,951.4,951.4,951,996.9,22.7,19.2,22.9,21.6,20,18.7,85,79,81,29,5,3.4
2019-04-17,0,706,2,708,708,0,457,264,721,721,"12:00",0,947.4,947.5,947.4,1577.6,23,18.6,23.1,21.3,19.2,18.3,86,76,76,231,4.1,2
2019-04-18,0,482,4,486,486,0,417,127,544,544,"12:00",0,948.6,948.6,948,1615.1,21.1,16.6,21.1,19.3,17,16,86,74,75,228,6.1,3.3
2019-04-22,0,697,0,697,697,0,411,189,600,600,"12:00",0,949.2,949.2,948.5,1523.9,23.4,17,23.6,21,18.2,16.9,80,67,67,31,2.1,0.8
2019-04-23,0,702,0,702,702,0,490,253,743,743,"12:00",0,952.5,952.6,952.2,958.4,23.7,18.7,24,21.3,19.5,18,83,73,74,360,2.5,0.9
2019-04-24,0,698,2,700,700,0,442,245,687,687,"12:00",0,954,954,953.5,1207.7,24.1,19.9,24.6,21.9,20.9,19.4,86,77,77,58,3.6,1.6
2019-04-25,0,614,0,614,614,0,452,229,681,681,"12:00",0,953.5,953.5,953.1,960.3,23.4,19.8,23.9,21.7,20.4,19.3,87,80,80,81,3.8,1.9
2019-04-26,0,341,0,341,341,0,313,66,379,379,"12:00",0,953.9,953.9,953.6,372.1,22.5,19.1,22.6,21.5,19.6,19,86,81,82,155,3.4,1.2
2019-04-29,0,763,0,763,763,0,429,184,613,613,"12:00",0,948.5,948.5,948.1,952.9,20.4,17.6,20.4,18.7,17.9,17,91,84,84,223,3.6,1.4
2019-04-30,0,627,1,628,628,0,475,257,732,732,"12:00",0,952.2,952.2,951.9,1224.3,19.5,17.2,20.4,18.3,17.6,16.2,91,81,86,158,3,1.8
2019-05-02,0,684,2,686,686,0,438,235,673,673,"12:00",0,949.3,949.3,949,1061,21.6,17.9,21.6,19.7,18.2,16.8,86,78,79,32,2.2,0.9
2019-05-03,0,299,0,299,299,0,264,57,321,321,"12:00",0,951.3,951.3,950.5,518.3,21,19,21.1,19.7,19.2,18.1,91,88,88,97,2.5,0.9
2019-05-06,0,765,1,766,766,0,440,214,654,654,"12:00",0,952.1,952.1,951.7,1243,22.4,18,22.4,20,18.3,17.5,88,75,76,46,3.2,1.2
2019-05-07,0,710,0,710,710,0,501,298,799,799,"12:00",0,950.8,950.8,950.5,1381.7,22.7,18.5,22.9,21.3,19.8,18.3,86,77,77,155,2.9,0.8
2019-05-08,0,658,0,658,658,0,424,215,639,639,"12:00",0,953.7,953.7,953.3,860.6,21.3,16.5,21.3,20,16.7,16,79,74,74,163,5.5,2.7
2019-05-09,0,680,2,682,682,0,455,259,714,714,"12:00",0,952.5,952.5,952.2,1182.3,19.8,15.4,19.9,18.4,15.7,14.8,84,74,75,54,8.3,5.1
2019-05-10,0,291,0,291,291,0,279,48,327,327,"12:00",0,949.2,949.2,948.9,1067,20.9,16.5,20.9,18.9,16.8,16.3,87,76,76,44,7.6,5
2019-05-13,0,715,2,717,717,0,393,195,588,588,"12:00",0,953.6,953.6,953.2,931.7,22.7,19.2,23,21.5,20.4,18.8,93,78,81,88,2.8,1.1
2019-05-14,0,737,10,747,747,0,506,276,782,782,"12:00",0,951.4,951.4,951,616.6,21.8,19.3,21.9,21.4,19.8,18.9,90,84,85,30,4.5,2.3
2019-05-15,0,16,0,16,16,0,19,0,19,19,"12:00",0,951.8,951.8,951.5,1347.2,20,14.9,20.2,19,16.4,14.9,85,72,73,194,3.7,1.1
2019-05-16,0,690,0,690,690,0,400,244,644,644,"12:00",0,953.8,953.8,953.5,931.8,19.5,16,19.6,17.9,16.6,15.7,88,80,80,246,2.7,1.4
2019-05-17,0,293,2,295,295,0,268,66,334,334,"12:00",0.6,954.9,954.9,954.3,321.2,18.2,16.7,18.2,17.6,16.7,16.4,93,90,91,168,3.8,1.4
2019-05-20,0,670,12,682,682,0,416,188,604,604,"12:00",0,951.7,951.7,951.1,660.6,19.1,16.8,19.1,18.2,17,16.5,91,86,87,344,2.3,1.4
2019-05-21,0,589,61,650,650,0,459,256,715,715,"12:00",0,951.3,951.3,951.2,758.4,19.1,16.9,19.1,17.9,16.9,16.3,91,86,87,108,2.4,1.3
2019-05-22,0,610,8,618,618,0,424,227,651,651,"12:00",0,951.5,951.5,951.1,1253.4,17.8,14.6,18,15.3,15.2,14.1,94,81,82,355,1.5,0.7
2019-05-23,0,610,0,610,610,0,439,223,662,662,"12:00",0,950.5,950.5,950.2,999.3,16.7,13.6,16.7,14.7,13.6,12.4,86,80,82,297,2.1,1.1
2019-05-24,0,254,16,270,270,0,251,49,300,300,"12:00",0,947.9,947.9,947.2,403.9,17.5,14.6,17.5,16.4,14.9,13.8,89,80,83,155,3,1.2
2019-05-27,0,756,12,768,768,0,434,211,645,645,"12:00",0,953.3,953.3,952.6,505,16.5,12.7,16.6,15.9,13.9,12.5,86,78,78,69,3.5,2.2
2019-05-28,0,639,4,643,643,0,452,265,717,717,"12:00",0,950.4,950.4,949.9,1195.9,16.5,12.2,16.6,13.6,12.6,11.4,89,76,76,56,2.7,0.9
2019-05-29,0,635,9,644,644,0,428,218,646,646,"12:00",0,951.9,952.7,951.8,771.8,18.7,17,18.7,17,17,16.1,94,89,89,61,3.8,2.9
2019-05-30,0,37,0,37,37,0,38,6,44,44,"12:00",0,951.2,951.2,950.9,1025.5,20.9,17.6,20.9,19.2,17.7,17,89,79,81,43,7.4,4.6
2019-05-31,0,269,2,271,271,0,270,50,320,320,"12:00",0,947.5,947.6,947,1037.3,21.9,17.8,21.9,18.6,18,16.9,91,76,78,268,1.8,0.4
2019-06-03,0,15,0,15,15,0,13,0,13,13,"12:00",0,953.1,953.2,952.4,180.3,18.2,16.8,18.2,17.7,16.9,16,93,90,92,211,5.2,2.5
2019-06-04,0,269,5,274,274,0,195,28,223,223,"12:00",0,957.7,957.7,956.8,465.5,14.9,12.7,15.2,14.7,13.4,12.2,89,82,87,239,4.9,2.5
2019-06-05,0,232,12,244,244,0,215,64,279,279,"12:00",0,958.8,958.8,958.5,1215.8,14.6,11.9,14.6,11.8,11.9,10.4,92,81,84,88,3.4,1.4
2019-06-06,0,195,0,195,195,0,162,26,188,188,"12:00",0,957.4,957.4,957,1201.2,17.3,12.7,17.4,15.1,13.2,12.4,89,74,74,60,6.7,4.3
2019-06-07,0,271,4,275,275,0,243,45,288,288,"12:00",0,955.8,955.8,955.3,1153.8,15.2,11.6,15.2,12.4,12,10.5,90,79,79,33,1.6,0.6
2019-06-10,0,720,4,724,724,0,419,199,618,618,"12:00",0,958.4,958.4,958,1085.2,15.8,12.1,15.8,13.1,12.2,11.2,89,79,79,256,1.7,0.4
2019-06-11,0,675,1,676,676,0,468,289,757,757,"12:00",0,956.8,956.8,956.3,1121.6,16,12.8,16,13.6,13,11.7,90,81,81,47,1.9,0.9
2019-06-12,0,605,4,609,609,0,394,177,571,571,"12:00",0,956.3,956.3,956,1081.7,18.5,15.6,18.5,15.2,15.7,13.3,89,83,83,61,5.9,3.9
2019-06-13,0,630,4,634,634,0,444,249,693,693,"12:00",0,957.4,957.4,957,1076.3,19.1,15.8,19.1,16.2,15.9,14.2,90,81,81,60,3.3,1.7
2019-06-17,0,744,2,746,746,0,417,198,615,615,"12:00",0,957.8,957.8,957,681.9,17.7,14.6,17.9,15.7,14.9,13.7,88,82,82,32,1.8,0.8
2019-06-18,0,620,2,622,622,0,456,237,693,693,"12:00",0,956.3,956.3,955.7,473.7,15.7,13,15.9,14.9,13.2,12.7,88,83,84,154,3.1,1.9
2019-06-19,0,486,1,487,487,0,416,135,551,551,"12:00",0,955.2,955.2,954.6,898.1,16.9,14.5,16.9,14.6,14.5,13.2,93,83,85,62,2.2,1
2019-06-24,0,632,11,643,643,0,385,157,542,542,"12:00",0,953.9,953.9,953.4,1087.3,17,11.5,17,13.2,12.6,11.2,87,70,70,17,1.9,0.6
2019-06-25,0,442,153,595,595,0,438,146,584,584,"12:00",0,949.5,949.5,949,1103.7,18.3,12.1,18.3,14.1,12.5,11.3,85,66,67,125,4.9,2
2019-06-26,0,348,8,356,356,0,266,129,395,395,"12:00",0,949.7,949.7,949.4,1041.5,19.8,13.4,19.8,16,14.1,13.1,84,66,67,94,1.9,0.9
2019-06-27,0,376,120,496,496,0,259,120,379,379,"12:00",0,954.2,954.2,953.6,927.7,19.9,16.3,19.9,17.7,16.8,16,91,79,80,84,2.2,1.2
2019-06-28,0,111,4,115,115,0,196,20,216,216,"12:00",0,956.1,956.1,955,199.7,19.3,16.3,19.3,18.8,17,16.2,89,83,83,122,3.5,1.3
2019-07-01,0,80,3,83,83,0,94,23,117,117,"12:00",0,952.2,952.2,951.5,1077.3,18.8,14.1,18.8,15.2,14.4,12.7,88,74,74,18,1.9,0.6
2019-07-02,0,113,3,116,116,0,116,35,151,151,"12:00",0,947.6,947.7,947.3,1033.8,17.3,13.5,17.4,14.6,13.8,12.3,87,78,78,355,1.7,1
2019-07-03,0,62,18,80,80,0,80,43,123,123,"12:00",0,946,946,945.7,731.8,16.9,13.8,16.9,14.1,13.8,12.3,91,82,82,20,1.5,0.5
2019-07-04,0,60,3,63,63,0,65,7,72,72,"12:00",0,948.3,948.3,947.6,127.4,18.4,17.1,18.4,18.3,17.2,16.9,92,92,92,261,2.8,0.7
2019-07-05,0,19,1,20,20,0,26,4,30,30,"12:00",2.2,949.5,949.5,947.7,108.6,15.6,14.5,15.7,15.4,14.7,14.3,94,92,94,241,9.3,3
2019-08-05,0,1,0,1,1,0,1,0,1,1,"12:00",0,963.8,963.8,963.2,533.6,13.5,11,13.6,12.7,11.2,10.6,88,84,85,51,6.5,4.6
2019-08-06,0,14,0,14,14,0,12,0,12,12,"12:00",0,962.1,962.2,961.9,601.4,16.1,12.5,16.2,15.5,12.9,12.3,84,78,79,49,8.6,5.4
2019-08-07,0,11,0,11,11,0,11,0,11,11,"12:00",0,961.4,961.4,961.1,1280,17.2,13.9,17.2,13.9,13.9,12.4,91,80,81,84,1.8,1
2019-08-08,0,449,122,571,571,0,322,122,444,444,"12:00",0,959.2,959.2,958.9,1296.3,18.5,14.4,18.5,15.1,14.5,13,87,77,77,19,2.4,1.2
2019-08-09,0,191,28,219,219,0,167,87,254,254,"12:00",0,956.5,956.5,956.3,1294.7,18.4,14.1,18.4,15.5,14.3,13,85,75,76,24,2,1.1
2019-08-12,0,687,6,693,693,0,391,225,616,616,"12:00",0,955,955,954.7,1238.2,18.9,16,18.9,16.7,16.1,15.4,94,82,83,166,2.9,1.4
2019-08-13,0,111,0,111,111,0,82,19,101,101,"12:00",0,952.9,952.9,952.4,1256.8,19.7,13.2,19.7,15.9,13.9,13,83,66,66,10,1.7,0.6
2019-08-14,0,614,18,632,632,0,407,266,673,673,"12:00",0,961.4,961.4,960.2,286.6,14.7,10.5,14.8,14.5,10.8,10.1,77,74,76,200,7.2,2.9
2019-08-15,0,569,93,662,662,0,420,272,692,692,"12:00",0,963.5,963.5,962.9,1466.2,15.3,10,15.4,12.1,10.6,9.7,85,71,71,47,7.1,5.1
2019-08-16,0,284,21,305,305,0,225,110,335,335,"12:00",0,960.1,960.2,959.7,1266.7,15.3,10.3,15.3,13.1,10.8,10.1,84,72,72,49,8,4.8
2019-08-19,0,695,83,778,778,0,387,276,663,663,"12:00",0,953.3,953.3,952.5,938.2,19.3,14.8,19.4,17.4,15.1,14.6,84,74,75,234,4,2.3
2019-08-20,0,615,63,678,678,0,406,322,728,728,"12:00",0,955.1,955.1,954.6,352.3,17,15.4,17.1,16.5,15.7,15.3,93,90,90,274,2.2,0.7
2019-08-21,0,630,38,668,668,0,374,275,649,649,"12:00",0,956.2,956.2,955.8,301.6,16.8,14.3,16.8,16.2,14.4,13,86,81,85,94,2.9,1.5
2019-08-22,0,555,66,621,621,0,388,266,654,654,"12:00",0,958,958,957.4,415.2,16.3,11.9,16.4,16.1,12.4,11.9,78,75,75,173,4.3,1.8
2019-08-23,0,239,20,259,259,0,216,104,320,320,"12:00",0,955.7,955.8,954.9,206.5,15.5,12.2,15.6,15.4,12.4,11.9,82,79,81,210,4.2,2.1
2019-08-26,0,683,25,708,708,0,389,272,661,661,"12:00",0,959.2,959.2,958.9,887.8,16.6,11.5,16.6,15.2,11.7,11,77,71,72,50,9,5.2
2019-08-27,0,692,56,748,748,0,417,316,733,733,"12:00",0,958.9,958.9,958.3,429.1,15,12.8,15.1,14.2,13.1,12.5,91,87,87,64,3.6,2.1
2019-08-28,0,558,27,585,585,0,338,244,582,582,"12:00",0,957.8,957.9,956.9,246.1,17.6,13.9,17.6,16.9,14.1,13.5,83,78,79,53,3.4,2.4
2019-08-29,0,529,49,578,578,0,391,255,646,646,"12:00",0,954.8,955,954.6,1589.3,18,12.5,18.4,16.6,13,12.5,79,69,70,46,10.2,6.3
2019-08-30,0,284,12,296,296,0,211,95,306,306,"12:00",0,952.9,953,952.8,1537.3,19.5,12.7,19.5,16.2,13,11.8,77,63,65,67,4.1,2
2019-09-02,0,691,2,693,693,0,351,232,583,583,"12:00",0,949.9,950,949.4,716.4,18.6,16.4,18.6,17.2,16.4,15.7,92,85,87,190,4.8,2.2
2019-09-03,0,611,38,649,649,0,423,261,684,684,"12:00",0,950.2,950.5,950.2,1310.5,20.8,17,20.9,19,17.4,16.7,88,79,79,83,5,2.9
2019-09-04,0,596,2,598,598,0,368,232,600,600,"12:00",0,953.7,953.8,952.8,1087.1,20.9,17.2,20.9,19.3,17.9,16.5,90,79,79,123,2.3,0.8
2019-09-05,0,627,12,639,639,0,384,268,652,652,"12:00",0,958.9,958.9,958.2,430.4,17.7,15.4,17.8,17,15.9,15.4,92,86,86,226,3.6,2.6
2019-09-06,0,235,23,258,258,0,218,81,299,299,"12:00",0,958.5,958.6,958.4,555.2,16.4,14,16.4,15.7,14,13.5,89,85,86,59,6.8,4.9
2019-09-09,0,730,23,753,753,0,384,234,618,618,"12:00",0,953.9,954.1,953.8,1669.6,23.3,16.3,23.3,19.8,17,15.8,82,65,65,51,8,5.5
2019-09-10,0,659,3,662,662,0,421,305,726,726,"12:00",0,952.3,952.4,952.2,1736.9,22.4,13.6,22.4,18.4,14.8,12.5,79,57,58,88,3.4,1.6
2019-09-11,0,644,6,650,650,0,372,245,617,617,"12:00",0,951.1,951.3,951.1,1615.3,23.5,14.3,23.5,19.3,15.1,14.1,76,56,57,70,2.5,1.3
2019-09-12,0,622,4,626,626,0,408,242,650,650,"12:00",0,949.7,949.9,949.5,1639.9,23.8,15.2,23.8,19.5,15.6,14.1,75,59,59,25,2,1.1
2019-09-13,0,307,2,309,309,0,216,116,332,332,"12:00",0,954.2,954.2,954,719.4,20.4,15.8,20.4,19.5,16.1,15.6,79,74,75,258,4.2,1.6
2019-09-16,0,682,1,683,683,0,378,230,608,608,"12:00",0,951.2,951.6,951.2,1757.6,23.6,16.6,23.8,20.3,17.2,16.4,80,64,65,29,9.5,4.9
2019-09-17,0,668,8,676,676,0,422,308,730,730,"12:00",0,948.5,948.6,948.5,1697.9,23.8,16.6,23.8,20.1,16.6,14.9,72,64,64,34,3.3,1.1
2019-09-18,0,595,3,598,598,0,369,201,570,570,"12:00",0,944,944.2,944,1709.1,27.2,13.8,27.2,22.5,16,13.8,65,44,44,290,2.9,1.1
2019-09-19,0,575,3,578,578,0,392,234,626,626,"12:00",0,946.4,946.7,946.4,1454.5,21.5,16.2,21.6,19.5,16.4,15.9,81,72,72,74,3.2,0.8
2019-09-20,0,275,0,275,275,0,214,85,299,299,"12:00",0,948.9,949.4,948.8,1362.6,22.6,17.5,22.6,20.7,18.1,17.2,85,72,73,273,4.8,1.2
2019-09-23,0,655,0,655,655,0,357,230,587,587,"12:00",0,959.7,959.7,959.5,1032,17.5,9.7,17.6,16.5,10.1,9.4,64,60,60,139,5.9,2.8
2019-09-24,0,643,10,653,653,0,403,295,698,698,"12:00",0,956.2,956.4,956.1,1995.5,18.3,11.5,18.5,16.5,11.7,11,71,64,64,33,10.8,4.3
2019-09-25,0,638,5,643,643,0,379,225,604,604,"12:00",0,954.1,954.1,953.6,389.7,16.6,14.5,16.6,16.1,14.7,13.9,91,86,87,358,7,1.5
2019-09-26,0,484,2,486,486,0,335,196,531,531,"12:00",0,952.1,952.1,951.8,528.8,17.5,15.9,17.5,17,15.9,15.6,92,90,90,49,4.1,2.6
2019-09-27,0,261,0,261,261,0,195,103,298,298,"12:00",0,952.6,952.6,952,1108.1,17.5,13.7,17.6,16.3,14.6,13.6,89,78,79,327,3.1,1.2
2019-09-30,0,478,93,571,571,0,310,148,458,458,"12:00",0,951.4,951.4,951.1,2103.9,20.6,13.7,20.6,18.8,14,13.1,70,64,65,36,7.3,3
2019-10-01,0,592,34,626,626,0,405,252,657,657,"12:00",0,950.5,950.7,950.5,2025.6,20.8,14.8,21,19.8,15.4,14.4,73,68,68,33,9.5,5.7
2019-10-02,0,555,3,558,558,0,372,195,567,567,"12:00",0,949.6,949.7,949.3,2148.8,23.2,15.6,23.4,20.9,15.8,15.2,71,61,62,38,6.7,4.4
2019-10-03,0,536,54,590,590,0,391,244,635,635,"12:00",0,951.2,951.3,951.1,1913.8,22.8,13.3,22.9,20.6,14.1,13.1,62,55,55,248,3.4,1.6
2019-10-04,0,276,0,276,276,0,212,81,293,293,"12:00",0,951.8,952.3,951.8,2107.3,21.7,15.1,21.7,18.7,15.2,13.5,73,66,66,60,6,3.5
2019-10-07,0,612,54,666,666,0,357,192,549,549,"12:00",0,951.1,951.1,950.9,639.4,21.1,17.2,21.3,20.3,17.4,17,82,77,79,30,3.6,1.7
2019-10-08,0,643,2,645,645,0,398,294,692,692,"12:00",0,951.5,951.5,951,480.8,19.9,16.2,20,19.6,16.6,16.1,83,79,79,243,3.5,1.7
2019-10-09,0,503,18,521,521,0,342,191,533,533,"12:00",0,952.6,953.2,952.6,750.3,19.9,18,19.9,18.7,18.1,17.2,92,88,89,52,5.3,3.4
2019-10-10,0,520,8,528,528,0,321,192,513,513,"12:00",0,953.2,953.4,953.1,1306.6,21.5,16.7,21.5,19.9,16.9,16.3,82,73,74,39,7.2,5.3
2019-10-11,0,253,0,253,253,0,194,69,263,263,"12:00",0,952,952.2,952,2204.7,22.6,17.4,23.1,20.5,18,17.2,84,71,72,30,6.7,3.9
2019-10-14,0,491,144,635,635,0,347,138,485,485,"12:00",0,950,950,949.8,2265.9,26.9,14.1,26.9,24.5,14.6,13.4,52,45,45,313,3.4,0.8
2019-10-15,0,444,150,594,594,0,343,211,554,554,"12:00",0,952.8,952.9,952.8,2135.1,23.2,14.4,23.4,21.8,16.1,14.4,66,58,58,99,3.8,1.8
2019-10-16,0,379,62,441,441,0,347,185,532,532,"12:00",0,953.5,953.6,953.3,1660.1,23.3,16,23.7,22.1,17.3,15.7,73,62,63,48,5.9,2.6
2019-10-17,0,500,0,500,500,0,371,180,551,551,"12:00",0,952.6,952.9,952.6,2147.2,23.9,17.3,23.9,22.2,17.4,16.7,72,65,67,56,6.1,3.2
2019-10-18,0,233,0,233,233,0,202,92,294,294,"12:00",0,952.7,953,952.2,403.4,21.9,19.8,22,20.8,20.2,19,90,88,88,39,2.5,0.7
2019-10-21,0,252,0,252,252,0,171,61,232,232,"12:00",0,947.6,947.8,947.6,1210.5,18.7,13.7,18.7,17.1,14.1,13.4,80,73,73,42,3,1.2
2019-10-22,0,277,0,277,277,0,236,54,290,290,"12:00",0,946.8,946.8,946.5,695.1,20.3,16.1,20.3,19.2,16.5,15.7,83,77,77,11,2.4,1.1
2019-10-23,0,256,0,256,256,0,203,46,249,249,"12:00",0,950.1,950.1,949.9,1631.3,22.6,15.9,22.6,21.3,16.3,15.4,71,65,66,54,5.9,3.7
2019-10-24,0,113,0,113,113,0,130,17,147,147,"12:00",0,950,950.3,950,2315.8,23.5,16.5,23.5,21.2,16.5,15.9,73,64,65,45,7.1,4.6
2019-10-25,0,54,0,54,54,0,58,2,60,60,"12:00",0,950.7,951,950.7,1614.4,22.9,18.8,23.1,21.6,19,17.6,80,76,78,48,4.1,1.9
2019-10-29,0,568,0,568,568,0,351,197,548,548,"12:00",0,947.3,947.4,947.3,2221.8,27.5,15.3,27.9,25.5,16.7,14.7,58,45,47,284,2.8,0.9
2019-10-30,0,613,2,615,615,0,369,191,560,560,"12:00",0,947.5,947.8,947.5,2378.4,26.3,15.7,26.5,23.5,17.3,15.3,67,51,52,9,3.7,1.5
2019-10-31,0,485,2,487,487,0,358,164,522,522,"12:00",0,950.4,950.9,950.4,2415.7,26.3,17.7,26.5,23.3,18.3,17.3,74,58,59,82,4.3,1.4
2019-11-01,0,291,0,291,291,0,216,92,308,308,"12:00",0,952.4,952.5,952,2585.8,26.1,17.4,26.2,24.3,17.9,17,67,57,59,138,6.9,2.7
2019-11-04,0,594,0,594,594,0,350,168,518,518,"12:00",0,945.8,946.1,945.8,2369.4,27.3,18.3,27.4,25.6,18.7,18.1,65,58,58,7,5.9,1.8
2019-11-05,0,620,6,626,626,0,381,252,633,633,"12:00",0,947.2,947.3,946.6,840.8,25.9,19.5,26.1,23.9,20.7,18.6,82,64,68,233,5.1,2.2
2019-11-06,0,543,1,544,544,0,361,192,553,553,"12:00",0,950.9,950.9,950.4,515.7,21.8,17.8,21.8,21.2,18.3,17.6,81,78,78,229,3.3,1.5
2019-11-07,0,500,10,510,510,0,347,219,566,566,"12:00",0,949.1,949.1,948.8,1439.3,21.1,17.3,21.4,20.3,18.2,17,86,78,79,26,5.6,3.6
2019-11-08,0,249,0,249,249,0,194,88,282,282,"12:00",0,947.5,947.5,946.5,380,22.1,19,22.2,21.7,19.6,18.9,87,82,83,191,3.2,1.9
2019-11-11,0,648,0,648,648,0,322,201,523,523,"12:00",0,949.5,949.5,949.1,674.1,24,19.7,24,23.2,20.3,19.4,83,77,77,241,4.2,2.2
2019-11-12,0,612,1,613,613,0,415,226,641,641,"12:00",0,951.5,951.5,951.1,1659.5,22.9,17,23.3,21.4,17.2,16.4,77,66,69,30,7.1,4.3
2019-11-13,0,480,2,482,482,0,323,168,491,491,"12:00",0,949.8,950.1,949.8,1265.3,22.1,16.6,22.3,20.9,16.8,15.6,73,70,71,52,11.3,5.6
2019-11-14,0,365,0,365,365,0,296,116,412,412,"12:00",4.4,947.9,948.6,947.9,423.6,20.9,19.8,21,20.4,19.8,19.1,93,92,93,47,5.1,3.5
2019-11-18,0,464,0,464,464,0,264,144,408,408,"12:00",0,950.6,950.6,950.4,1196.4,20.3,16.2,20.5,18.7,16.6,15.9,86,77,77,39,5.4,3.5
2019-11-19,0,434,101,535,535,0,334,200,534,534,"12:00",0,951.4,951.6,951.4,2469.3,23.5,17.3,23.9,22.2,18,17,76,67,68,34,5.9,3.6
2019-11-20,0,478,1,479,479,0,327,156,483,483,"12:00",0,951.3,951.4,951.2,1404,23,18.4,23.2,21.8,18.6,17.7,79,74,75,38,6,3.7
2019-11-21,0,470,0,470,470,0,321,200,521,521,"12:00",0,950.5,950.6,950.5,1632.7,25,17.4,25,22.7,18,17,72,63,63,44,9.5,5.6
2019-11-22,0,222,0,222,222,0,173,77,250,250,"12:00",0,947.9,947.9,947.6,2546.2,26.1,17.8,26.1,24.2,18.5,17.4,70,60,60,48,6.4,3.6
2019-11-25,0,487,7,494,494,0,264,186,450,450,"12:00",0,950.8,950.9,950.7,1430.2,18.8,12.1,19.1,17.5,13.1,11.7,75,63,65,38,5.2,3.2
2019-11-26,0,500,0,500,500,0,346,181,527,527,"12:00",0,949.8,949.8,949.7,2339.3,20.8,14.4,21.5,19.3,15,14.1,73,65,67,48,9.3,5.5
2019-11-27,0,335,0,335,335,0,213,147,360,360,"12:00",0,945.8,946.3,945.8,2351.8,26.6,18,26.6,24.2,18,17.1,66,59,59,45,8.2,4.3
2019-11-28,0,484,0,484,484,0,325,158,483,483,"12:00",0,946.1,946.1,945.8,1062.6,23.1,19.5,23.2,22,19.9,19.2,86,79,80,247,2.3,1.5
2019-11-29,0,224,0,224,224,0,176,62,238,238,"12:00",0,949,949,948.9,2014.3,20.2,15.4,20.5,18.8,15.8,14.8,79,71,74,244,3.6,1.2
2019-12-02,0,464,0,464,464,0,272,122,394,394,"12:00",0,949.4,949.5,949.3,480.3,20.6,17.8,20.6,20,18.1,17.3,86,83,84,92,2.6,0.6
2019-12-03,0,414,0,414,414,0,292,163,455,455,"12:00",0,949.3,949.3,949,1307.7,20.3,15.5,20.4,18.2,16.1,15,88,73,74,40,4.8,2.6
2019-12-04,0,283,0,283,283,0,257,111,368,368,"12:00",0,948.7,948.7,948.4,1914.7,22.9,17.8,22.9,21,17.8,16.9,79,71,73,46,6.4,4
2019-12-05,0,291,0,291,291,0,170,132,302,302,"12:00",0,944.8,945.2,944.8,2417.8,27.2,19,27.2,24.1,19.4,18.4,73,60,61,54,5.1,2.6
2019-12-06,0,116,0,116,116,0,112,39,151,151,"12:00",1.2,945.2,945.2,945,439.3,21.7,20.1,21.9,21.4,20.4,19.9,91,90,90,233,4.4,1.6
2019-12-09,0,157,0,157,157,0,122,69,191,191,"12:00",0,948.9,949,948.3,1585.8,22.5,16.3,22.8,21,16.9,15.4,72,66,68,31,3.1,1.7
2019-12-10,0,75,0,75,75,0,61,19,80,80,"12:00",0,947.8,947.8,947.6,1075.2,22.9,19.4,22.9,22,19.9,18.8,85,80,81,37,3.5,1.8
2019-12-11,0,45,0,45,45,0,49,9,58,58,"12:00",0,946.6,946.6,946,1357,22.9,19.7,23.1,21.8,19.7,18.8,85,78,82,294,2.6,1.6
2019-12-12,0,43,0,43,43,0,54,8,62,62,"12:00",0,945.2,945.2,944.7,1290.7,22.2,17.6,22.2,20.9,19,17.5,86,75,75,243,3.1,1
2019-12-13,0,7,0,7,7,0,14,0,14,14,"12:00",0,948.2,948.2,947.7,2504.2,24.1,19.2,24.1,22.1,20.1,18.9,85,74,74,203,4.6,2
2019-12-16,0,5,0,5,5,0,8,0,8,8,"12:00",0,947.8,948.3,947.8,2574.4,28.3,15.7,28.3,26.5,16.2,15.1,52,46,46,55,8.4,5.6
