DATA,SEMESTRE_1,SEMESTRE_2,SEGUNDA,TERCA,QUARTA,QUINTA,SEXTA,DISTANCIA_DIA_ANTERIOR,DISTANCIA_DIA_POSTERIOR,PERC_CONCLUSAO_SEM,PERC_CONCLUSAO_MES,PRESSAO_ATMOSFERICA,TEMPERATURA,UMIDADE,VENTO,VENDAS_ALMOCO,VENDAS_ALMOCO_1,VENDAS_ALMOCO_2,VENDAS_ALMOCO_3,VENDAS_ALMOCO_4,VENDAS_ALMOCO_5,ENTR_ALMOCO,ENTR_ALMOCO_1,ENTR_ALMOCO_2,ENTR_ALMOCO_3,ENTR_ALMOCO_4,ENTR_ALMOCO_5,ENTR_JANTAR,ENTR_JANTAR_1,ENTR_JANTAR_2,ENTR_JANTAR_3,ENTR_JANTAR_4,ENTR_JANTAR_5
2017-12-04,1,0,0,0,1,0,0,1,1,35.97,40.0,950.7,22.0,84,0.9,14,14,14,14,14,14,14,14,14,14,14,14,0,0,0,0,0,0
2017-04-13,1,0,0,0,0,1,0,1,4,36.69,43.33,953.3,21.0,75,2.2,22,14,14,14,14,14,22,14,14,14,14,14,0,0,0,0,0,0
2017-04-17,1,0,1,0,0,0,0,4,1,39.57,56.67,950.4,22.3,79,0.3,10,22,14,14,14,14,10,22,14,14,14,14,0,0,0,0,0,0
2017-04-18,1,0,0,1,0,0,0,1,1,40.29,60.0,953.9,19.3,77,1.2,27,10,22,14,14,14,26,10,22,14,14,14,0,0,0,0,0,0
2017-04-19,1,0,0,0,1,0,0,1,1,41.01,63.33,954.5,18.4,75,2.1,18,27,10,22,14,14,17,26,10,22,14,14,0,0,0,0,0,0
2017-04-20,1,0,0,0,0,1,0,1,4,41.73,66.67,951.7,20.5,73,4.9,14,18,27,10,22,14,14,17,26,10,22,14,0,0,0,0,0,0
2017-04-24,1,0,1,0,0,0,0,4,1,44.6,80.0,954.3,19.9,71,3.3,10,14,18,27,10,22,10,14,17,26,10,22,0,0,0,0,0,0
2017-04-25,1,0,0,1,0,0,0,1,1,45.32,83.33,950.5,20.1,80,3.4,26,10,14,18,27,10,26,10,14,17,26,10,0,0,0,0,0,0
2017-04-26,1,0,0,0,1,0,0,1,1,46.04,86.67,946.4,24.1,70,2.0,17,26,10,14,18,27,17,26,10,14,17,26,0,0,0,0,0,0
2017-04-27,1,0,0,0,0,1,0,1,5,46.76,90.0,950.9,20.1,87,3.6,15,17,26,10,14,18,15,17,26,10,14,17,0,0,0,0,0,0
2017-02-05,1,0,0,1,0,0,0,5,1,50.36,6.45,954.8,18.4,79,1.7,15,15,17,26,10,14,15,15,17,26,10,14,0,0,0,0,0,0
2017-03-05,1,0,0,0,1,0,0,1,1,51.08,9.68,956.0,17.5,83,1.0,9,15,15,17,26,10,9,15,15,17,26,10,0,0,0,0,0,0
2017-04-05,1,0,0,0,0,1,0,1,1,51.8,12.9,953.4,19.0,81,1.8,41,9,15,15,17,26,41,9,15,15,17,26,0,0,0,0,0,0
2017-05-05,1,0,0,0,0,0,1,1,3,52.52,16.13,953.2,18.1,94,0.8,84,41,9,15,15,17,84,41,9,15,15,17,134,0,0,0,0,0
2017-08-05,1,0,1,0,0,0,0,3,1,54.68,25.81,950.6,17.7,84,0.7,14,84,41,9,15,15,14,84,41,9,15,15,0,134,0,0,0,0
2017-09-05,1,0,0,1,0,0,0,1,1,55.4,29.03,949.8,20.0,79,2.8,23,14,84,41,9,15,23,14,84,41,9,15,0,0,134,0,0,0
2017-10-05,1,0,0,0,1,0,0,1,1,56.12,32.26,953.5,19.0,79,1.2,162,23,14,84,41,9,162,23,14,84,41,9,0,0,0,134,0,0
2017-11-05,1,0,0,0,0,1,0,1,1,56.83,35.48,953.8,19.9,74,1.2,28,162,23,14,84,41,28,162,23,14,84,41,0,0,0,0,134,0
2017-12-05,1,0,0,0,0,0,1,1,3,57.55,38.71,954.4,18.8,68,3.2,28,28,162,23,14,84,27,28,162,23,14,84,0,0,0,0,0,134
2017-05-15,1,0,1,0,0,0,0,3,1,59.71,48.39,949.9,18.8,75,1.8,171,28,28,162,23,14,23,27,28,162,23,14,0,0,0,0,0,0
2017-05-16,1,0,0,1,0,0,0,1,1,60.43,51.61,952.1,17.2,79,1.3,467,171,28,28,162,23,21,23,27,28,162,23,0,0,0,0,0,0
2017-05-17,1,0,0,0,1,0,0,1,1,61.15,54.84,953.2,17.8,76,3.7,368,467,171,28,28,162,351,21,23,27,28,162,0,0,0,0,0,0
2017-05-18,1,0,0,0,0,1,0,1,1,61.87,58.06,952.7,18.7,78,4.0,47,368,467,171,28,28,35,351,21,23,27,28,0,0,0,0,0,0
2017-05-19,1,0,0,0,0,0,1,1,3,62.59,61.29,947.1,16.4,93,3.6,402,47,368,467,171,28,162,35,351,21,23,27,88,0,0,0,0,0
2017-05-22,1,0,1,0,0,0,0,3,1,64.75,70.97,951.2,20.3,89,1.8,798,402,47,368,467,171,363,162,35,351,21,23,0,88,0,0,0,0
2017-05-23,1,0,0,1,0,0,0,1,1,65.47,74.19,955.0,17.9,77,1.7,14,798,402,47,368,467,20,363,162,35,351,21,0,0,88,0,0,0
2017-05-24,1,0,0,0,1,0,0,1,1,66.19,77.42,955.0,17.4,87,1.0,29,14,798,402,47,368,42,20,363,162,35,351,39,0,0,88,0,0
2017-05-25,1,0,0,0,0,1,0,1,1,66.91,80.65,954.8,19.4,83,3.5,17,29,14,798,402,47,117,42,20,363,162,35,71,39,0,0,88,0
2017-05-26,1,0,0,0,0,0,1,1,3,67.63,83.87,953.5,18.7,90,2.4,92,17,29,14,798,402,141,117,42,20,363,162,45,71,39,0,0,88
2017-05-29,1,0,1,0,0,0,0,3,1,69.78,93.55,954.7,18.9,85,0.6,40,92,17,29,14,798,16,141,117,42,20,363,0,45,71,39,0,0
2017-05-30,1,0,0,1,0,0,0,1,1,70.5,96.77,954.2,18.5,84,0.5,19,40,92,17,29,14,27,16,141,117,42,20,0,0,45,71,39,0
2017-05-31,1,0,0,0,1,0,0,1,1,71.22,100.0,951.6,19.7,77,5.4,22,19,40,92,17,29,17,27,16,141,117,42,0,0,0,45,71,39
2017-01-06,1,0,0,0,0,1,0,1,1,71.94,3.33,949.2,18.7,77,0.9,17,22,19,40,92,17,12,17,27,16,141,117,0,0,0,0,45,71
2017-02-06,1,0,0,0,0,0,1,1,3,72.66,6.67,953.1,17.4,68,5.5,15,17,22,19,40,92,17,12,17,27,16,141,0,0,0,0,0,45
2017-05-06,1,0,1,0,0,0,0,3,1,74.82,16.67,951.6,19.5,84,1.6,618,15,17,22,19,40,431,17,12,17,27,16,188,0,0,0,0,0
2017-06-06,1,0,0,1,0,0,0,1,1,75.54,20.0,951.7,18.8,93,1.3,570,618,15,17,22,19,442,431,17,12,17,27,222,188,0,0,0,0
2017-07-06,1,0,0,0,1,0,0,1,1,76.26,23.33,951.6,19.4,92,1.2,642,570,618,15,17,22,393,442,431,17,12,17,233,222,188,0,0,0
2017-08-06,1,0,0,0,0,1,0,1,1,76.98,26.67,949.1,20.2,83,0.7,662,642,570,618,15,17,408,393,442,431,17,12,171,233,222,188,0,0
2017-09-06,1,0,0,0,0,0,1,1,3,77.7,30.0,949.1,19.7,87,1.0,400,662,642,570,618,15,286,408,393,442,431,17,129,171,233,222,188,0
2017-12-06,1,0,1,0,0,0,0,3,1,79.86,40.0,952.9,16.5,84,1.4,947,400,662,642,570,618,403,286,408,393,442,431,208,129,171,233,222,188
2017-06-13,1,0,0,1,0,0,0,1,1,80.58,43.33,954.7,15.5,94,3.9,600,947,400,662,642,570,449,403,286,408,393,442,196,208,129,171,233,222
2017-06-14,1,0,0,0,1,0,0,1,5,81.29,46.67,956.1,18.3,87,1.3,405,600,947,400,662,642,376,449,403,286,408,393,165,196,208,129,171,233
2017-06-19,1,0,1,0,0,0,0,5,1,84.89,63.33,952.6,17.3,76,1.6,1046,405,600,947,400,662,433,376,449,403,286,408,204,165,196,208,129,171
2017-06-20,1,0,0,1,0,0,0,1,1,85.61,66.67,956.1,17.1,87,1.1,616,1046,405,600,947,400,453,433,376,449,403,286,188,204,165,196,208,129
2017-06-21,1,0,0,0,1,0,0,1,1,86.33,70.0,959.4,19.1,72,0.9,527,616,1046,405,600,947,428,453,433,376,449,403,212,188,204,165,196,208
2017-06-22,1,0,0,0,0,1,0,1,1,87.05,73.33,958.9,17.9,80,0.8,351,527,616,1046,405,600,352,428,453,433,376,449,196,212,188,204,165,196
2017-06-23,1,0,0,0,0,0,1,1,3,87.77,76.67,959.3,18.0,77,1.1,314,351,527,616,1046,405,321,352,428,453,433,376,106,196,212,188,204,165
2017-06-26,1,0,1,0,0,0,0,3,1,89.93,86.67,959.2,14.7,82,0.9,691,314,351,527,616,1046,382,321,352,428,453,433,151,106,196,212,188,204
2017-06-27,1,0,0,1,0,0,0,1,1,90.65,90.0,957.7,15.0,88,0.5,471,691,314,351,527,616,401,382,321,352,428,453,190,151,106,196,212,188
2017-06-28,1,0,0,0,1,0,0,1,1,91.37,93.33,958.1,16.1,80,0.6,375,471,691,314,351,527,353,401,382,321,352,428,199,190,151,106,196,212
2017-06-29,1,0,0,0,0,1,0,1,1,92.09,96.67,956.9,17.0,83,0.9,273,375,471,691,314,351,308,353,401,382,321,352,139,199,190,151,106,196
2017-06-30,1,0,0,0,0,0,1,1,3,92.81,100.0,956.0,16.0,77,1.6,159,273,375,471,691,314,211,308,353,401,382,321,56,139,199,190,151,106
2017-03-07,1,0,1,0,0,0,0,3,1,94.96,9.68,964.0,14.6,74,0.6,143,159,273,375,471,691,134,211,308,353,401,382,45,56,139,199,190,151
2017-04-07,1,0,0,1,0,0,0,1,1,95.68,12.9,964.0,14.2,72,6.2,161,143,159,273,375,471,138,134,211,308,353,401,57,45,56,139,199,190
2017-05-07,1,0,0,0,1,0,0,1,1,96.4,16.13,963.8,11.9,81,1.3,134,161,143,159,273,375,115,138,134,211,308,353,47,57,45,56,139,199
2017-06-07,1,0,0,0,0,1,0,1,1,97.12,19.35,961.4,14.7,76,0.4,114,134,161,143,159,273,97,115,138,134,211,308,39,47,57,45,56,139
2017-07-07,1,0,0,0,0,0,1,1,3,97.84,22.58,961.7,15.1,77,0.5,31,114,134,161,143,159,45,97,115,138,134,211,4,39,47,57,45,56
2017-10-07,1,0,1,0,0,0,0,3,28,100.0,32.26,959.2,15.8,83,0.7,38,31,114,134,161,143,39,45,97,115,138,134,0,4,39,47,57,45
2017-07-08,0,1,1,0,0,0,0,28,1,0.74,22.58,955.9,15.8,71,6.7,2034,38,31,114,134,161,319,39,45,97,115,138,238,0,4,39,47,57
2017-08-08,0,1,0,1,0,0,0,1,1,1.48,25.81,952.9,18.1,67,1.9,1208,2034,38,31,114,134,503,319,39,45,97,115,313,238,0,4,39,47
2017-09-08,0,1,0,0,1,0,0,1,1,2.22,29.03,949.5,20.3,58,0.7,584,1208,2034,38,31,114,361,503,319,39,45,97,282,313,238,0,4,39
2017-10-08,0,1,0,0,0,1,0,1,1,2.96,32.26,953.4,17.8,72,1.4,518,584,1208,2034,38,31,438,361,503,319,39,45,237,282,313,238,0,4
2017-11-08,0,1,0,0,0,0,1,1,3,3.7,35.48,955.2,17.3,70,1.8,274,518,584,1208,2034,38,245,438,361,503,319,39,118,237,282,313,238,0
2017-08-14,0,1,1,0,0,0,0,3,1,5.93,45.16,951.4,19.6,73,1.4,1013,274,518,584,1208,2034,346,245,438,361,503,319,268,118,237,282,313,238
2017-08-15,0,1,0,1,0,0,0,1,1,6.67,48.39,953.7,15.6,93,1.2,814,1013,274,518,584,1208,523,346,245,438,361,503,315,268,118,237,282,313
2017-08-16,0,1,0,0,1,0,0,1,1,7.41,51.61,952.3,18.4,85,0.7,515,814,1013,274,518,584,388,523,346,245,438,361,270,315,268,118,237,282
2017-08-17,0,1,0,0,0,1,0,1,1,8.15,54.84,953.1,17.2,90,0.9,541,515,814,1013,274,518,446,388,523,346,245,438,256,270,315,268,118,237
2017-08-18,0,1,0,0,0,0,1,1,3,8.89,58.06,952.4,18.0,84,1.1,244,541,515,814,1013,274,253,446,388,523,346,245,107,256,270,315,268,118
2017-08-21,0,1,1,0,0,0,0,3,1,11.11,67.74,959.4,14.6,78,1.0,1051,244,541,515,814,1013,358,253,446,388,523,346,255,107,256,270,315,268
2017-08-22,0,1,0,1,0,0,0,1,1,11.85,70.97,960.3,16.0,74,5.7,656,1051,244,541,515,814,464,358,253,446,388,523,281,255,107,256,270,315
2017-08-23,0,1,0,0,1,0,0,1,1,12.59,74.19,958.2,16.5,76,6.3,532,656,1051,244,541,515,405,464,358,253,446,388,271,281,255,107,256,270
2017-08-24,0,1,0,0,0,1,0,1,1,13.33,77.42,957.8,15.7,84,1.2,431,532,656,1051,244,541,415,405,464,358,253,446,225,271,281,255,107,256
2017-08-25,0,1,0,0,0,0,1,1,3,14.07,80.65,956.7,16.7,75,5.6,257,431,532,656,1051,244,266,415,405,464,358,253,98,225,271,281,255,107
2017-08-28,0,1,1,0,0,0,0,3,1,16.3,90.32,953.9,17.9,66,1.2,987,257,431,532,656,1051,347,266,415,405,464,358,249,98,225,271,281,255
2017-08-29,0,1,0,1,0,0,0,1,1,17.04,93.55,953.7,17.8,79,1.4,756,987,257,431,532,656,491,347,266,415,405,464,288,249,98,225,271,281
2017-08-30,0,1,0,0,1,0,0,1,1,17.78,96.77,952.7,19.6,70,1.2,577,756,987,257,431,532,375,491,347,266,415,405,271,288,249,98,225,271
2017-08-31,0,1,0,0,0,1,0,1,1,18.52,100.0,956.6,20.3,71,2.0,431,577,756,987,257,431,450,375,491,347,266,415,239,271,288,249,98,225
2017-01-09,0,1,0,0,0,0,1,1,3,19.26,3.33,959.9,19.6,70,1.2,267,431,577,756,987,257,224,450,375,491,347,266,85,239,271,288,249,98
2017-04-09,0,1,1,0,0,0,0,3,1,21.48,13.33,956.8,18.9,59,4.3,915,267,431,577,756,987,359,224,450,375,491,347,264,85,239,271,288,249
2017-05-09,0,1,0,1,0,0,0,1,1,22.22,16.67,954.9,20.1,59,1.0,639,915,267,431,577,756,480,359,224,450,375,491,285,264,85,239,271,288
2017-06-09,0,1,0,0,1,0,0,1,5,22.96,20.0,955.2,19.7,52,1.2,422,639,915,267,431,577,347,480,359,224,450,375,171,285,264,85,239,271
2017-11-09,0,1,1,0,0,0,0,5,1,26.67,36.67,954.3,23.7,52,3.8,1311,422,639,915,267,431,377,347,480,359,224,450,254,171,285,264,85,239
2017-12-09,0,1,0,1,0,0,0,1,1,27.41,40.0,955.1,23.8,50,4.6,734,1311,422,639,915,267,477,377,347,480,359,224,271,254,171,285,264,85
2017-09-13,0,1,0,0,1,0,0,1,1,28.15,43.33,955.5,22.7,54,4.3,571,734,1311,422,639,915,386,477,377,347,480,359,274,271,254,171,285,264
2017-09-14,0,1,0,0,0,1,0,1,1,28.89,46.67,954.4,23.8,48,1.2,341,571,734,1311,422,639,449,386,477,377,347,480,195,274,271,254,171,285
2017-09-15,0,1,0,0,0,0,1,1,3,29.63,50.0,955.5,24.4,47,1.7,380,341,571,734,1311,422,232,449,386,477,377,347,92,195,274,271,254,171
2017-09-18,0,1,1,0,0,0,0,3,1,31.85,60.0,955.8,20.8,69,0.9,1354,380,341,571,734,1311,343,232,449,386,477,377,243,92,195,274,271,254
2017-09-19,0,1,0,1,0,0,0,1,1,32.59,63.33,956.4,19.3,77,1.6,536,1354,380,341,571,734,470,343,232,449,386,477,268,243,92,195,274,271
2017-09-20,0,1,0,0,1,0,0,1,1,33.33,66.67,956.1,21.6,66,4.7,259,536,1354,380,341,571,336,470,343,232,449,386,136,268,243,92,195,274
2017-09-21,0,1,0,0,0,1,0,1,1,34.07,70.0,955.9,22.5,56,4.3,296,259,536,1354,380,341,428,336,470,343,232,449,142,136,268,243,92,195
2017-09-22,0,1,0,0,0,0,1,1,3,34.81,73.33,954.5,24.3,46,4.3,213,296,259,536,1354,380,263,428,336,470,343,232,95,142,136,268,243,92
2017-09-25,0,1,1,0,0,0,0,3,1,37.04,83.33,956.0,21.3,66,3.1,793,213,296,259,536,1354,361,263,428,336,470,343,227,95,142,136,268,243
2017-09-26,0,1,0,1,0,0,0,1,1,37.78,86.67,953.3,20.9,61,5.2,592,793,213,296,259,536,472,361,263,428,336,470,272,227,95,142,136,268
2017-09-27,0,1,0,0,1,0,0,1,1,38.52,90.0,950.1,23.2,50,4.0,434,592,793,213,296,259,394,472,361,263,428,336,239,272,227,95,142,136
2017-09-28,0,1,0,0,0,1,0,1,1,39.26,93.33,951.6,24.6,49,1.6,489,434,592,793,213,296,446,394,472,361,263,428,221,239,272,227,95,142
2017-09-29,0,1,0,0,0,0,1,1,3,40.0,96.67,953.0,21.0,69,0.8,221,489,434,592,793,213,255,446,394,472,361,263,77,221,239,272,227,95
2017-02-10,0,1,1,0,0,0,0,3,1,42.22,6.45,942.8,23.5,60,5.5,865,221,489,434,592,793,331,255,446,394,472,361,226,77,221,239,272,227
2017-03-10,0,1,0,1,0,0,0,1,1,42.96,9.68,950.5,19.6,79,2.6,852,865,221,489,434,592,412,331,255,446,394,472,225,226,77,221,239,272
2017-04-10,0,1,0,0,1,0,0,1,1,43.7,12.9,955.3,19.6,73,1.0,449,852,865,221,489,434,370,412,331,255,446,394,215,225,226,77,221,239
2017-05-10,0,1,0,0,0,1,0,1,1,44.44,16.13,952.7,20.9,66,4.1,568,449,852,865,221,489,411,370,412,331,255,446,205,215,225,226,77,221
2017-06-10,0,1,0,0,0,0,1,1,3,45.19,19.35,952.9,25.6,52,4.8,184,568,449,852,865,221,297,411,370,412,331,255,99,205,215,225,226,77
2017-09-10,0,1,1,0,0,0,0,3,1,47.41,29.03,948.3,27.0,48,4.4,524,184,568,449,852,865,319,297,411,370,412,331,230,99,205,215,225,226
2017-10-10,0,1,0,1,0,0,0,1,1,48.15,32.26,948.6,27.6,53,4.7,802,524,184,568,449,852,469,319,297,411,370,412,253,230,99,205,215,225
2017-11-10,0,1,0,0,1,0,0,1,5,48.89,35.48,948.4,25.7,70,1.4,307,802,524,184,568,449,323,469,319,297,411,370,168,253,230,99,205,215
2017-10-16,0,1,1,0,0,0,0,5,1,52.59,51.61,956.4,20.9,68,3.9,921,307,802,524,184,568,335,323,469,319,297,411,220,168,253,230,99,205
2017-10-17,0,1,0,1,0,0,0,1,1,53.33,54.84,956.5,20.4,74,5.5,650,921,307,802,524,184,456,335,323,469,319,297,268,220,168,253,230,99
2017-10-18,0,1,0,0,1,0,0,1,1,54.07,58.06,953.6,24.2,62,5.3,358,650,921,307,802,524,358,456,335,323,469,319,195,268,220,168,253,230
2017-10-19,0,1,0,0,0,1,0,1,1,54.81,61.29,949.4,26.6,39,4.9,335,358,650,921,307,802,391,358,456,335,323,469,160,195,268,220,168,253
2017-10-20,0,1,0,0,0,0,1,1,3,55.56,64.52,950.9,24.1,62,2.8,199,335,358,650,921,307,233,391,358,456,335,323,82,160,195,268,220,168
2017-10-23,0,1,1,0,0,0,0,3,1,57.78,74.19,952.6,19.7,81,3.9,401,199,335,358,650,921,202,233,391,358,456,335,70,82,160,195,268,220
2017-10-24,0,1,0,1,0,0,0,1,1,58.52,77.42,953.6,18.5,79,4.2,241,401,199,335,358,650,227,202,233,391,358,456,56,70,82,160,195,268
2017-10-25,0,1,0,0,1,0,0,1,1,59.26,80.65,951.7,20.3,78,3.9,191,241,401,199,335,358,209,227,202,233,391,358,55,56,70,82,160,195
2017-10-26,0,1,0,0,0,1,0,1,1,60.0,83.87,948.6,19.8,81,1.1,140,191,241,401,199,335,149,209,227,202,233,391,52,55,56,70,82,160
2017-10-27,0,1,0,0,0,0,1,1,3,60.74,87.1,945.5,24.9,66,1.7,67,140,191,241,401,199,95,149,209,227,202,233,16,52,55,56,70,82
2017-10-30,0,1,1,0,0,0,0,3,1,62.96,96.77,944.8,23.2,69,3.9,923,67,140,191,241,401,353,95,149,209,227,202,238,16,52,55,56,70
2017-10-31,0,1,0,1,0,0,0,1,1,63.7,100.0,944.2,22.2,82,5.3,594,923,67,140,191,241,451,353,95,149,209,227,258,238,16,52,55,56
2017-01-11,0,1,0,0,1,0,0,1,5,64.44,3.33,952.2,21.1,55,3.2,278,594,923,67,140,191,306,451,353,95,149,209,175,258,238,16,52,55
2017-06-11,0,1,1,0,0,0,0,5,1,68.15,20.0,951.7,20.3,77,1.4,1010,278,594,923,67,140,320,306,451,353,95,149,229,175,258,238,16,52
2017-07-11,0,1,0,1,0,0,0,1,1,68.89,23.33,951.0,20.2,63,3.0,824,1010,278,594,923,67,463,320,306,451,353,95,263,229,175,258,238,16
2017-08-11,0,1,0,0,1,0,0,1,1,69.63,26.67,949.7,19.1,71,6.1,514,824,1010,278,594,923,352,463,320,306,451,353,234,263,229,175,258,238
2017-09-11,0,1,0,0,0,1,0,1,1,70.37,30.0,949.1,21.6,70,1.3,454,514,824,1010,278,594,367,352,463,320,306,451,200,234,263,229,175,258
2017-10-11,0,1,0,0,0,0,1,1,3,71.11,33.33,945.9,25.0,63,4.2,185,454,514,824,1010,278,220,367,352,463,320,306,85,200,234,263,229,175
2017-11-13,0,1,1,0,0,0,0,3,1,73.33,43.33,947.9,21.3,55,1.7,724,185,454,514,824,1010,306,220,367,352,463,320,202,85,200,234,263,229
2017-11-14,0,1,0,1,0,0,0,1,2,74.07,46.67,950.9,19.6,68,1.5,415,724,185,454,514,824,428,306,220,367,352,463,203,202,85,200,234,263
2017-11-16,0,1,0,0,0,1,0,2,1,75.56,53.33,926.4,27.6,41,2.5,553,415,724,185,454,514,407,428,306,220,367,352,175,203,202,85,200,234
2017-11-17,0,1,0,0,0,0,1,1,3,76.3,56.67,924.5,21.8,70,2.0,176,553,415,724,185,454,218,407,428,306,220,367,55,175,203,202,85,200
2017-11-20,0,1,1,0,0,0,0,3,1,78.52,66.67,924.7,20.7,77,3.9,743,176,553,415,724,185,312,218,407,428,306,220,217,55,175,203,202,85
2017-11-21,0,1,0,1,0,0,0,1,1,79.26,70.0,924.8,21.5,73,1.3,607,743,176,553,415,724,427,312,218,407,428,306,236,217,55,175,203,202
2017-11-22,0,1,0,0,1,0,0,1,1,80.0,73.33,920.5,22.6,75,2.0,464,607,743,176,553,415,336,427,312,218,407,428,223,236,217,55,175,203
2017-11-23,0,1,0,0,0,1,0,1,1,80.74,76.67,926.6,18.3,71,3.1,414,464,607,743,176,553,396,336,427,312,218,407,162,223,236,217,55,175
2017-11-24,0,1,0,0,0,0,1,1,3,81.48,80.0,928.2,19.3,74,1.2,156,414,464,607,743,176,212,396,336,427,312,218,57,162,223,236,217,55
2017-11-27,0,1,1,0,0,0,0,3,1,83.7,90.0,925.9,22.6,73,3.9,792,156,414,464,607,743,314,212,396,336,427,312,205,57,162,223,236,217
2017-11-28,0,1,0,1,0,0,0,1,1,84.44,93.33,928.7,21.6,72,2.3,663,792,156,414,464,607,437,314,212,396,336,427,222,205,57,162,223,236
2017-11-29,0,1,0,0,1,0,0,1,1,85.19,96.67,927.7,21.7,51,2.9,459,663,792,156,414,464,363,437,314,212,396,336,222,222,205,57,162,223
2017-11-30,0,1,0,0,0,1,0,1,1,85.93,100.0,924.0,19.8,65,3.0,361,459,663,792,156,414,460,363,437,314,212,396,224,222,222,205,57,162
2017-01-12,0,1,0,0,0,0,1,1,3,86.67,3.23,923.4,21.4,67,2.1,185,361,459,663,792,156,194,460,363,437,314,212,56,224,222,222,205,57
2017-04-12,0,1,1,0,0,0,0,3,1,88.89,12.9,922.7,23.2,68,0.6,636,185,361,459,663,792,294,194,460,363,437,314,170,56,224,222,222,205
2017-05-12,0,1,0,1,0,0,0,1,1,89.63,16.13,926.0,24.1,60,2.5,467,636,185,361,459,663,387,294,194,460,363,437,162,170,56,224,222,222
2017-06-12,0,1,0,0,1,0,0,1,1,90.37,19.35,925.7,23.9,62,2.4,378,467,636,185,361,459,351,387,294,194,460,363,188,162,170,56,224,222
2017-07-12,0,1,0,0,0,1,0,1,1,91.11,22.58,922.2,24.2,66,1.5,286,378,467,636,185,361,295,351,387,294,194,460,163,188,162,170,56,224
2017-08-12,0,1,0,0,0,0,1,1,3,91.85,25.81,919.6,23.0,79,1.4,117,286,378,467,636,185,145,295,351,387,294,194,45,163,188,162,170,56
2017-11-12,0,1,1,0,0,0,0,3,1,94.07,35.48,919.1,26.5,47,1.4,371,117,286,378,467,636,263,145,295,351,387,294,126,45,163,188,162,170
2017-12-12,0,1,0,1,0,0,0,1,1,94.81,38.71,927.7,18.7,74,3.1,170,371,117,286,378,467,215,263,145,295,351,387,78,126,45,163,188,162
2017-12-13,0,1,0,0,1,0,0,1,1,95.56,41.94,929.4,18.3,74,3.4,147,170,371,117,286,378,178,215,263,145,295,351,53,78,126,45,163,188
2017-12-14,0,1,0,0,0,1,0,1,1,96.3,45.16,928.7,23.2,61,1.5,102,147,170,371,117,286,101,178,215,263,145,295,52,53,78,126,45,163
2017-12-15,0,1,0,0,0,0,1,1,3,97.04,48.39,926.2,25.7,54,3.7,52,102,147,170,371,117,64,101,178,215,263,145,17,52,53,78,126,45
2017-12-18,0,1,1,0,0,0,0,3,1,99.26,58.06,928.4,25.1,57,2.0,71,52,102,147,170,371,70,64,101,178,215,263,24,17,52,53,78,126
2017-12-19,0,1,0,1,0,0,0,1,69,100.0,61.29,929.9,23.9,63,2.2,24,71,52,102,147,170,42,70,64,101,178,215,3,24,17,52,53,78
2018-02-26,1,0,1,0,0,0,0,69,1,0.69,92.86,949.8,22.6,81,3.1,930,24,71,52,102,147,446,42,70,64,101,178,190,3,24,17,52,53
2018-02-27,1,0,0,1,0,0,0,1,1,1.39,96.43,949.3,22.1,85,1.1,640,930,24,71,52,102,470,446,42,70,64,101,237,190,3,24,17,52
2018-02-28,1,0,0,0,1,0,0,1,1,2.08,100.0,947.3,24.2,76,1.4,715,640,930,24,71,52,443,470,446,42,70,64,233,237,190,3,24,17
2018-01-03,1,0,0,0,0,1,0,1,1,2.78,3.23,950.3,23.5,84,1.2,566,715,640,930,24,71,461,443,470,446,42,70,231,233,237,190,3,24
2018-02-03,1,0,0,0,0,0,1,1,3,3.47,6.45,950.2,25.1,81,1.2,334,566,715,640,930,24,308,461,443,470,446,42,92,231,233,237,190,3
2018-05-03,1,0,1,0,0,0,0,3,1,5.56,16.13,944.9,25.5,75,1.2,582,334,566,715,640,930,430,308,461,443,470,446,156,92,231,233,237,190
2018-06-03,1,0,0,1,0,0,0,1,1,6.25,19.35,946.1,25.1,76,1.1,820,582,334,566,715,640,502,430,308,461,443,470,289,156,92,231,233,237
2018-07-03,1,0,0,0,1,0,0,1,1,6.94,22.58,945.4,23.8,81,1.5,778,820,582,334,566,715,502,502,430,308,461,443,264,289,156,92,231,233
2018-08-03,1,0,0,0,0,1,0,1,1,7.64,25.81,947.2,22.5,84,1.3,729,778,820,582,334,566,514,502,502,430,308,461,261,264,289,156,92,231
2018-09-03,1,0,0,0,0,0,1,1,3,8.33,29.03,948.9,22.3,81,2.4,449,729,778,820,582,334,378,514,502,502,430,308,102,261,264,289,156,92
2018-12-03,1,0,1,0,0,0,0,3,1,10.42,38.71,944.8,22.9,80,1.0,621,449,729,778,820,582,413,378,514,502,502,430,252,102,261,264,289,156
2018-03-13,1,0,0,1,0,0,0,1,1,11.11,41.94,947.2,23.2,86,0.7,837,621,449,729,778,820,548,413,378,514,502,502,309,252,102,261,264,289
2018-03-14,1,0,0,0,1,0,0,1,1,11.81,45.16,949.1,24.9,81,1.7,690,837,621,449,729,778,500,548,413,378,514,502,265,309,252,102,261,264
2018-03-15,1,0,0,0,0,1,0,1,1,12.5,48.39,948.4,24.5,72,1.1,728,690,837,621,449,729,544,500,548,413,378,514,274,265,309,252,102,261
2018-03-16,1,0,0,0,0,0,1,1,4,13.19,51.61,948.6,27.9,66,1.4,406,728,690,837,621,449,340,544,500,548,413,378,81,274,265,309,252,102
2018-03-20,1,0,0,1,0,0,0,4,1,15.97,64.52,947.2,26.5,73,1.7,968,406,728,690,837,621,553,340,544,500,548,413,286,81,274,265,309,252
2018-03-21,1,0,0,0,1,0,0,1,1,16.67,67.74,947.2,23.6,79,1.7,696,968,406,728,690,837,490,553,340,544,500,548,254,286,81,274,265,309
2018-03-22,1,0,0,0,0,1,0,1,1,17.36,70.97,949.1,23.1,82,1.1,750,696,968,406,728,690,525,490,553,340,544,500,294,254,286,81,274,265
2018-03-23,1,0,0,0,0,0,1,1,3,18.06,74.19,949.4,24.2,72,4.3,449,750,696,968,406,728,389,525,490,553,340,544,104,294,254,286,81,274
2018-03-26,1,0,1,0,0,0,0,3,1,20.14,83.87,950.7,24.3,77,1.6,777,449,750,696,968,406,463,389,525,490,553,340,245,104,294,254,286,81
2018-03-27,1,0,0,1,0,0,0,1,1,20.83,87.1,952.5,23.2,82,1.9,725,777,449,750,696,968,520,463,389,525,490,553,266,245,104,294,254,286
2018-03-28,1,0,0,0,1,0,0,1,1,21.53,90.32,952.4,24.3,71,3.8,649,725,777,449,750,696,398,520,463,389,525,490,217,266,245,104,294,254
2018-03-29,1,0,0,0,0,1,0,1,4,22.22,93.55,952.0,23.5,71,5.4,444,649,725,777,449,750,424,398,520,463,389,525,134,217,266,245,104,294
2018-02-04,1,0,1,0,0,0,0,4,1,25.0,6.67,946.2,24.2,81,0.8,869,444,649,725,777,449,486,424,398,520,463,389,233,134,217,266,245,104
2018-03-04,1,0,0,1,0,0,0,1,1,25.69,10.0,945.6,22.3,86,0.6,763,869,444,649,725,777,551,486,424,398,520,463,280,233,134,217,266,245
2018-04-04,1,0,0,0,1,0,0,1,1,26.39,13.33,946.9,23.3,73,1.4,856,763,869,444,649,725,465,551,486,424,398,520,251,280,233,134,217,266
2018-05-04,1,0,0,0,0,1,0,1,1,27.08,16.67,947.7,22.9,75,1.0,689,856,763,869,444,649,568,465,551,486,424,398,262,251,280,233,134,217
2018-06-04,1,0,0,0,0,0,1,1,3,27.78,20.0,948.8,22.0,81,0.7,401,689,856,763,869,444,398,568,465,551,486,424,93,262,251,280,233,134
2018-09-04,1,0,1,0,0,0,0,3,1,29.86,30.0,952.5,23.4,71,2.8,872,401,689,856,763,869,443,398,568,465,551,486,254,93,262,251,280,233
2018-10-04,1,0,0,1,0,0,0,1,1,30.56,33.33,953.2,22.7,72,3.6,754,872,401,689,856,763,572,443,398,568,465,551,277,254,93,262,251,280
2018-11-04,1,0,0,0,1,0,0,1,1,31.25,36.67,953.6,21.5,72,5.2,757,754,872,401,689,856,491,572,443,398,568,465,246,277,254,93,262,251
2018-12-04,1,0,0,0,0,1,0,1,1,31.94,40.0,953.9,21.8,74,0.9,700,757,754,872,401,689,532,491,572,443,398,568,260,246,277,254,93,262
2018-04-13,1,0,0,0,0,0,1,1,3,32.64,43.33,954.4,22.6,78,1.6,418,700,757,754,872,401,349,532,491,572,443,398,91,260,246,277,254,93
2018-04-16,1,0,1,0,0,0,0,3,1,34.72,53.33,956.9,20.2,79,1.6,817,418,700,757,754,872,448,349,532,491,572,443,224,91,260,246,277,254
2018-04-17,1,0,0,1,0,0,0,1,1,35.42,56.67,957.3,19.9,75,4.8,792,817,418,700,757,754,547,448,349,532,491,572,284,224,91,260,246,277
2018-04-18,1,0,0,0,1,0,0,1,1,36.11,60.0,958.2,19.7,73,5.2,728,792,817,418,700,757,488,547,448,349,532,491,232,284,224,91,260,246
2018-04-19,1,0,0,0,0,1,0,1,1,36.81,63.33,956.3,18.9,76,4.6,717,728,792,817,418,700,526,488,547,448,349,532,236,232,284,224,91,260
2018-04-20,1,0,0,0,0,0,1,1,3,37.5,66.67,954.1,19.2,78,0.9,361,717,728,792,817,418,320,526,488,547,448,349,83,236,232,284,224,91
2018-04-23,1,0,1,0,0,0,0,3,1,39.58,76.67,953.1,21.3,74,5.0,832,361,717,728,792,817,460,320,526,488,547,448,222,83,236,232,284,224
2018-04-24,1,0,0,1,0,0,0,1,1,40.28,80.0,954.1,21.1,74,1.4,691,832,361,717,728,792,533,460,320,526,488,547,238,222,83,236,232,284
2018-04-25,1,0,0,0,1,0,0,1,1,40.97,83.33,955.6,22.4,74,0.8,775,691,832,361,717,728,481,533,460,320,526,488,262,238,222,83,236,232
2018-04-26,1,0,0,0,0,1,0,1,1,41.67,86.67,954.5,20.4,85,1.2,707,775,691,832,361,717,512,481,533,460,320,526,250,262,238,222,83,236
2018-04-27,1,0,0,0,0,0,1,1,5,42.36,90.0,954.3,22.8,72,1.6,406,707,775,691,832,361,335,512,481,533,460,320,90,250,262,238,222,83
2018-02-05,1,0,0,0,1,0,0,5,1,45.83,6.45,956.1,22.3,74,1.8,808,406,707,775,691,832,457,335,512,481,533,460,186,90,250,262,238,222
2018-03-05,1,0,0,0,0,1,0,1,1,46.53,9.68,955.3,20.3,80,1.6,677,808,406,707,775,691,532,457,335,512,481,533,249,186,90,250,262,238
2018-04-05,1,0,0,0,0,0,1,1,3,47.22,12.9,954.1,20.8,80,3.2,403,677,808,406,707,775,344,532,457,335,512,481,94,249,186,90,250,262
2018-07-05,1,0,1,0,0,0,0,3,1,49.31,22.58,956.5,19.9,77,0.6,764,403,677,808,406,707,439,344,532,457,335,512,198,94,249,186,90,250
2018-08-05,1,0,0,1,0,0,0,1,1,50.0,25.81,955.6,20.4,76,1.1,729,764,403,677,808,406,503,439,344,532,457,335,260,198,94,249,186,90
2018-09-05,1,0,0,0,1,0,0,1,1,50.69,29.03,956.2,20.6,71,2.2,653,729,764,403,677,808,453,503,439,344,532,457,244,260,198,94,249,186
2018-10-05,1,0,0,0,0,1,0,1,1,51.39,32.26,954.7,19.9,68,5.4,677,653,729,764,403,677,529,453,503,439,344,532,230,244,260,198,94,249
2018-11-05,1,0,0,0,0,0,1,1,3,52.08,35.48,953.3,20.0,71,3.0,364,677,653,729,764,403,319,529,453,503,439,344,83,230,244,260,198,94
2018-05-14,1,0,1,0,0,0,0,3,1,54.17,45.16,954.7,19.6,79,1.9,674,364,677,653,729,764,413,319,529,453,503,439,204,83,230,244,260,198
2018-05-15,1,0,0,1,0,0,0,1,1,54.86,48.39,953.1,21.9,71,2.4,736,674,364,677,653,729,490,413,319,529,453,503,274,204,83,230,244,260
2018-05-16,1,0,0,0,1,0,0,1,1,55.56,51.61,950.6,21.9,75,0.8,691,736,674,364,677,653,442,490,413,319,529,453,197,274,204,83,230,244
2018-05-17,1,0,0,0,0,1,0,1,1,56.25,54.84,952.9,20.2,82,2.4,671,691,736,674,364,677,464,442,490,413,319,529,269,197,274,204,83,230
2018-05-18,1,0,0,0,0,0,1,1,3,56.94,58.06,951.6,20.6,79,4.7,431,671,691,736,674,364,352,464,442,490,413,319,104,269,197,274,204,83
2018-05-21,1,0,1,0,0,0,0,3,1,59.03,67.74,952.5,12.9,70,1.1,798,431,671,691,736,674,402,352,464,442,490,413,221,104,269,197,274,204
2018-05-22,1,0,0,1,0,0,0,1,1,59.72,70.97,953.9,13.1,76,0.7,660,798,431,671,691,736,507,402,352,464,442,490,273,221,104,269,197,274
2018-05-23,1,0,0,0,1,0,0,1,1,60.42,74.19,955.7,15.5,75,0.5,539,660,798,431,671,691,455,507,402,352,464,442,131,273,221,104,269,197
2018-05-24,1,0,0,0,0,1,0,1,11,61.11,77.42,957.9,17.9,77,1.8,52,539,660,798,431,671,68,455,507,402,352,464,0,131,273,221,104,269
2018-04-06,1,0,1,0,0,0,0,11,1,68.75,13.33,958.6,17.3,67,0.9,744,52,539,660,798,431,426,68,455,507,402,352,192,0,131,273,221,104
2018-05-06,1,0,0,1,0,0,0,1,1,69.44,16.67,953.1,16.7,82,2.9,544,744,52,539,660,798,523,426,68,455,507,402,259,192,0,131,273,221
2018-06-06,1,0,0,0,1,0,0,1,1,70.14,20.0,948.2,18.0,83,0.7,665,544,744,52,539,660,456,523,426,68,455,507,214,259,192,0,131,273
2018-07-06,1,0,0,0,0,1,0,1,1,70.83,23.33,950.8,18.3,94,1.0,523,665,544,744,52,539,496,456,523,426,68,455,224,214,259,192,0,131
2018-08-06,1,0,0,0,0,0,1,1,3,71.53,26.67,952.3,18.9,78,3.8,270,523,665,544,744,52,309,496,456,523,426,68,85,224,214,259,192,0
2018-11-06,1,0,1,0,0,0,0,3,1,73.61,36.67,952.1,18.8,89,1.7,340,270,523,665,544,744,261,309,496,456,523,426,46,85,224,214,259,192
2018-12-06,1,0,0,1,0,0,0,1,1,74.31,40.0,950.9,21.3,71,0.5,254,340,270,523,665,544,247,261,309,496,456,523,50,46,85,224,214,259
2018-06-13,1,0,0,0,1,0,0,1,1,75.0,43.33,952.3,21.1,81,0.7,623,254,340,270,523,665,453,247,261,309,496,456,190,50,46,85,224,214
2018-06-14,1,0,0,0,0,1,0,1,1,75.69,46.67,956.0,18.9,79,2.3,625,623,254,340,270,523,425,453,247,261,309,496,242,190,50,46,85,224
2018-06-15,1,0,0,0,0,0,1,1,3,76.39,50.0,957.5,16.0,86,1.0,421,625,623,254,340,270,353,425,453,247,261,309,98,242,190,50,46,85
2018-06-18,1,0,1,0,0,0,0,3,1,78.47,60.0,960.1,18.2,78,0.9,506,421,625,623,254,340,382,353,425,453,247,261,127,98,242,190,50,46
2018-06-19,1,0,0,1,0,0,0,1,1,79.17,63.33,959.7,18.6,76,4.7,632,506,421,625,623,254,468,382,353,425,453,247,224,127,98,242,190,50
2018-06-20,1,0,0,0,1,0,0,1,1,79.86,66.67,959.3,15.0,92,1.8,597,632,506,421,625,623,442,468,382,353,425,453,177,224,127,98,242,190
2018-06-21,1,0,0,0,0,1,0,1,1,80.56,70.0,956.0,16.9,80,0.9,593,597,632,506,421,625,439,442,468,382,353,425,212,177,224,127,98,242
2018-06-22,1,0,0,0,0,0,1,1,3,81.25,73.33,954.7,18.0,78,0.7,41,593,597,632,506,421,0,439,442,468,382,353,44,212,177,224,127,98
2018-06-25,1,0,1,0,0,0,0,3,1,83.33,83.33,953.2,18.9,69,0.3,695,41,593,597,632,506,391,0,439,442,468,382,207,44,212,177,224,127
2018-06-26,1,0,0,1,0,0,0,1,1,84.03,86.67,952.2,17.7,71,0.7,618,695,41,593,597,632,469,391,0,439,442,468,243,207,44,212,177,224
2018-06-27,1,0,0,0,1,0,0,1,1,84.72,90.0,954.2,18.1,68,0.4,76,618,695,41,593,597,73,469,391,0,439,442,0,243,207,44,212,177
2018-06-28,1,0,0,0,0,1,0,1,1,85.42,93.33,955.9,14.6,95,0.5,592,76,618,695,41,593,412,73,469,391,0,439,217,0,243,207,44,212
2018-06-29,1,0,0,0,0,0,1,1,3,86.11,96.67,954.5,18.7,68,0.4,279,592,76,618,695,41,256,412,73,469,391,0,82,217,0,243,207,44
2018-02-07,1,0,1,0,0,0,0,3,1,88.19,6.45,952.1,16.0,91,0.9,129,279,592,76,618,695,0,256,412,73,469,391,133,82,217,0,243,207
2018-03-07,1,0,0,1,0,0,0,1,1,88.89,9.68,952.5,17.5,76,0.9,442,129,279,592,76,618,363,0,256,412,73,469,155,133,82,217,0,243
2018-04-07,1,0,0,0,1,0,0,1,1,89.58,12.9,953.8,18.8,81,1.0,264,442,129,279,592,76,216,363,0,256,412,73,111,155,133,82,217,0
2018-05-07,1,0,0,0,0,1,0,1,1,90.28,16.13,954.8,16.4,95,1.5,220,264,442,129,279,592,204,216,363,0,256,412,65,111,155,133,82,217
2018-06-07,1,0,0,0,0,0,1,1,4,90.97,19.35,955.3,18.1,74,0.6,13,220,264,442,129,279,18,204,216,363,0,256,0,65,111,155,133,82
2018-10-07,1,0,0,1,0,0,0,4,1,93.75,32.26,954.5,13.4,86,2.5,116,13,220,264,442,129,110,18,204,216,363,0,35,0,65,111,155,133
2018-11-07,1,0,0,0,1,0,0,1,1,94.44,35.48,957.4,11.6,79,0.9,89,116,13,220,264,442,68,110,18,204,216,363,34,35,0,65,111,155
2018-12-07,1,0,0,0,0,1,0,1,1,95.14,38.71,958.7,10.3,82,2.1,51,89,116,13,220,264,40,68,110,18,204,216,19,34,35,0,65,111
2018-07-13,1,0,0,0,0,0,1,1,24,95.83,41.94,956.0,11.5,86,1.6,14,51,89,116,13,220,20,40,68,110,18,204,0,19,34,35,0,65
2018-06-08,0,1,1,0,0,0,0,24,1,0.72,19.35,954.8,14.6,91,1.3,734,14,51,89,116,13,305,20,40,68,110,18,221,0,19,34,35,0
2018-07-08,0,1,0,1,0,0,0,1,1,1.45,22.58,956.6,15.5,85,1.6,797,734,14,51,89,116,476,305,20,40,68,110,297,221,0,19,34,35
2018-08-08,0,1,0,0,1,0,0,1,1,2.17,25.81,956.2,17.5,80,3.6,719,797,734,14,51,89,407,476,305,20,40,68,282,297,221,0,19,34
2018-09-08,0,1,0,0,0,1,0,1,1,2.9,29.03,949.8,18.3,88,3.6,667,719,797,734,14,51,473,407,476,305,20,40,230,282,297,221,0,19
2018-10-08,0,1,0,0,0,0,1,1,3,3.62,32.26,949.1,16.9,54,5.9,336,667,719,797,734,14,261,473,407,476,305,20,82,230,282,297,221,0
2018-08-13,0,1,1,0,0,0,0,3,1,5.8,41.94,955.5,14.7,79,0.6,725,336,667,719,797,734,331,261,473,407,476,305,276,82,230,282,297,221
2018-08-14,0,1,0,1,0,0,0,1,1,6.52,45.16,953.3,17.6,68,4.2,714,725,336,667,719,797,467,331,261,473,407,476,292,276,82,230,282,297
2018-08-15,0,1,0,0,1,0,0,1,1,7.25,48.39,953.5,14.4,89,1.4,669,714,725,336,667,719,436,467,331,261,473,407,264,292,276,82,230,282
2018-08-16,0,1,0,0,0,1,0,1,1,7.97,51.61,957.7,17.0,78,0.5,685,669,714,725,336,667,460,436,467,331,261,473,252,264,292,276,82,230
2018-08-17,0,1,0,0,0,0,1,1,3,8.7,54.84,960.0,17.5,75,1.3,296,685,669,714,725,336,260,460,436,467,331,261,74,252,264,292,276,82
2018-08-20,0,1,1,0,0,0,0,3,1,10.87,64.52,957.0,20.4,67,5.2,684,296,685,669,714,725,358,260,460,436,467,331,244,74,252,264,292,276
2018-08-21,0,1,0,1,0,0,0,1,1,11.59,67.74,956.7,19.5,66,2.9,733,684,296,685,669,714,465,358,260,460,436,467,291,244,74,252,264,292
2018-08-22,0,1,0,0,1,0,0,1,1,12.32,70.97,955.9,17.3,81,1.1,671,733,684,296,685,669,415,465,358,260,460,436,264,291,244,74,252,264
2018-08-23,0,1,0,0,0,1,0,1,1,13.04,74.19,952.5,21.2,64,1.4,651,671,733,684,296,685,485,415,465,358,260,460,207,264,291,244,74,252
2018-08-24,0,1,0,0,0,0,1,1,3,13.77,77.42,951.8,22.3,66,1.0,317,651,671,733,684,296,243,485,415,465,358,260,81,207,264,291,244,74
2018-08-27,0,1,1,0,0,0,0,3,1,15.94,87.1,958.9,15.3,81,0.8,705,317,651,671,733,684,337,243,485,415,465,358,267,81,207,264,291,244
2018-08-28,0,1,0,1,0,0,0,1,1,16.67,90.32,959.1,16.9,76,4.2,692,705,317,651,671,733,495,337,243,485,415,465,225,267,81,207,264,291
2018-08-29,0,1,0,0,1,0,0,1,1,17.39,93.55,958.2,17.0,83,3.1,624,692,705,317,651,671,387,495,337,243,485,415,245,225,267,81,207,264
2018-08-30,0,1,0,0,0,1,0,1,1,18.12,96.77,954.8,20.4,68,3.4,772,624,692,705,317,651,429,387,495,337,243,485,246,245,225,267,81,207
2018-08-31,0,1,0,0,0,0,1,1,3,18.84,100.0,951.6,22.1,64,1.3,258,772,624,692,705,317,288,429,387,495,337,243,72,246,245,225,267,81
2018-03-09,0,1,1,0,0,0,0,3,1,21.01,10.0,947.2,22.4,64,1.4,638,258,772,624,692,705,337,288,429,387,495,337,239,72,246,245,225,267
2018-04-09,0,1,0,1,0,0,0,1,1,21.74,13.33,947.2,16.6,58,4.6,381,638,258,772,624,692,381,337,288,429,387,495,263,239,72,246,245,225
2018-05-09,0,1,0,0,1,0,0,1,1,22.46,16.67,955.0,15.2,74,1.5,577,381,638,258,772,624,402,381,337,288,429,387,261,263,239,72,246,245
2018-06-09,0,1,0,0,0,1,0,1,4,23.19,20.0,957.3,17.1,66,2.2,406,577,381,638,258,772,417,402,381,337,288,429,172,261,263,239,72,246
2018-10-09,0,1,1,0,0,0,0,4,1,26.09,33.33,955.1,19.5,69,1.6,670,406,577,381,638,258,312,417,402,381,337,288,233,172,261,263,239,72
2018-11-09,0,1,0,1,0,0,0,1,1,26.81,36.67,952.2,19.2,65,3.8,681,670,406,577,381,638,432,312,417,402,381,337,292,233,172,261,263,239
2018-12-09,0,1,0,0,1,0,0,1,1,27.54,40.0,954.3,19.3,65,5.0,630,681,670,406,577,381,413,432,312,417,402,381,240,292,233,172,261,263
2018-09-13,0,1,0,0,0,1,0,1,1,28.26,43.33,951.9,19.0,69,5.4,630,630,681,670,406,577,416,413,432,312,417,402,252,240,292,233,172,261
2018-09-14,0,1,0,0,0,0,1,1,3,28.99,46.67,949.6,18.0,83,1.3,205,630,630,681,670,406,247,416,413,432,312,417,53,252,240,292,233,172
2018-09-17,0,1,1,0,0,0,0,3,1,31.16,56.67,950.2,15.2,84,0.7,660,205,630,630,681,670,321,247,416,413,432,312,243,53,252,240,292,233
2018-09-18,0,1,0,1,0,0,0,1,1,31.88,60.0,947.7,20.3,84,1.8,549,660,205,630,630,681,384,321,247,416,413,432,248,243,53,252,240,292
2018-09-19,0,1,0,0,1,0,0,1,1,32.61,63.33,949.9,23.5,64,0.9,543,549,660,205,630,630,393,384,321,247,416,413,191,248,243,53,252,240
2018-09-20,0,1,0,0,0,1,0,1,1,33.33,66.67,951.9,21.8,78,2.3,559,543,549,660,205,630,409,393,384,321,247,416,221,191,248,243,53,252
2018-09-21,0,1,0,0,0,0,1,1,3,34.06,70.0,949.9,21.1,79,1.0,307,559,543,549,660,205,268,409,393,384,321,247,66,221,191,248,243,53
2018-09-24,0,1,1,0,0,0,0,3,1,36.23,80.0,949.5,24.2,65,0.9,318,307,559,543,549,660,316,268,409,393,384,321,219,66,221,191,248,243
2018-09-25,0,1,0,1,0,0,0,1,1,36.96,83.33,950.3,22.6,67,3.4,756,318,307,559,543,549,424,316,268,409,393,384,278,219,66,221,191,248
2018-09-26,0,1,0,0,1,0,0,1,1,37.68,86.67,949.1,23.5,70,3.4,663,756,318,307,559,543,407,424,316,268,409,393,252,278,219,66,221,191
2018-09-27,0,1,0,0,0,1,0,1,1,38.41,90.0,946.7,25.3,65,4.0,616,663,756,318,307,559,432,407,424,316,268,409,241,252,278,219,66,221
2018-09-28,0,1,0,0,0,0,1,1,3,39.13,93.33,950.9,20.7,85,0.8,285,616,663,756,318,307,238,432,407,424,316,268,73,241,252,278,219,66
2018-01-10,0,1,1,0,0,0,0,3,1,41.3,3.23,948.8,21.3,88,0.4,531,285,616,663,756,318,310,238,432,407,424,316,212,73,241,252,278,219
2018-02-10,0,1,0,1,0,0,0,1,1,42.03,6.45,949.6,23.1,70,1.1,504,531,285,616,663,756,432,310,238,432,407,424,230,212,73,241,252,278
2018-03-10,0,1,0,0,1,0,0,1,1,42.75,9.68,948.6,25.5,63,0.8,549,504,531,285,616,663,422,432,310,238,432,407,232,230,212,73,241,252
2018-04-10,0,1,0,0,0,1,0,1,1,43.48,12.9,951.4,22.3,82,2.0,607,549,504,531,285,616,440,422,432,310,238,432,210,232,230,212,73,241
2018-05-10,0,1,0,0,0,0,1,1,3,44.2,16.13,952.6,21.3,70,3.4,233,607,549,504,531,285,216,440,422,432,310,238,80,210,232,230,212,73
2018-08-10,0,1,1,0,0,0,0,3,1,46.38,25.81,951.0,19.9,89,3.0,581,233,607,549,504,531,287,216,440,422,432,310,221,80,210,232,230,212
2018-09-10,0,1,0,1,0,0,0,1,1,47.1,29.03,949.3,19.6,93,3.7,707,581,233,607,549,504,411,287,216,440,422,432,270,221,80,210,232,230
2018-10-10,0,1,0,0,1,0,0,1,1,47.83,32.26,947.6,24.6,69,2.1,501,707,581,233,607,549,387,411,287,216,440,422,196,270,221,80,210,232
2018-11-10,0,1,0,0,0,1,0,1,4,48.55,35.48,952.0,22.7,78,2.6,443,501,707,581,233,607,355,387,411,287,216,440,152,196,270,221,80,210
2018-10-15,0,1,1,0,0,0,0,4,1,51.45,48.39,948.3,19.3,90,3.1,172,443,501,707,581,233,110,355,387,411,287,216,28,152,196,270,221,80
2018-10-16,0,1,0,1,0,0,0,1,1,52.17,51.61,948.6,21.0,80,1.9,195,172,443,501,707,581,165,110,355,387,411,287,45,28,152,196,270,221
2018-10-17,0,1,0,0,1,0,0,1,1,52.9,54.84,949.6,23.4,76,2.4,253,195,172,443,501,707,188,165,110,355,387,411,72,45,28,152,196,270
2018-10-18,0,1,0,0,0,1,0,1,1,53.62,58.06,947.1,23.0,85,3.2,143,253,195,172,443,501,138,188,165,110,355,387,48,72,45,28,152,196
2018-10-19,0,1,0,0,0,0,1,1,3,54.35,61.29,947.2,23.2,72,3.1,38,143,253,195,172,443,49,138,188,165,110,355,1,48,72,45,28,152
2018-10-22,0,1,1,0,0,0,0,3,1,56.52,70.97,951.4,20.4,64,3.7,620,38,143,253,195,172,323,49,138,188,165,110,201,1,48,72,45,28
2018-10-23,0,1,0,1,0,0,0,1,1,57.25,74.19,949.3,24.1,63,2.2,766,620,38,143,253,195,412,323,49,138,188,165,272,201,1,48,72,45
2018-10-24,0,1,0,0,1,0,0,1,1,57.97,77.42,951.9,20.8,82,1.5,508,766,620,38,143,253,382,412,323,49,138,188,228,272,201,1,48,72
2018-10-25,0,1,0,0,0,1,0,1,1,58.7,80.65,950.0,20.0,87,3.0,458,508,766,620,38,143,402,382,412,323,49,138,183,228,272,201,1,48
2018-10-26,0,1,0,0,0,0,1,1,3,59.42,83.87,947.7,21.0,85,2.3,241,458,508,766,620,38,263,402,382,412,323,49,63,183,228,272,201,1
2018-10-29,0,1,1,0,0,0,0,3,1,61.59,93.55,950.8,18.8,72,2.8,511,241,458,508,766,620,293,263,402,382,412,323,185,63,183,228,272,201
2018-10-30,0,1,0,1,0,0,0,1,1,62.32,96.77,952.1,19.0,77,2.9,667,511,241,458,508,766,437,293,263,402,382,412,256,185,63,183,228,272
2018-10-31,0,1,0,0,1,0,0,1,1,63.04,100.0,950.2,24.6,68,3.9,563,667,511,241,458,508,362,437,293,263,402,382,208,256,185,63,183,228
2018-01-11,0,1,0,0,0,1,0,1,4,63.77,3.33,948.6,23.4,78,0.8,407,563,667,511,241,458,344,362,437,293,263,402,131,208,256,185,63,183
2018-05-11,0,1,1,0,0,0,0,4,1,66.67,16.67,951.5,19.5,79,1.9,553,407,563,667,511,241,299,344,362,437,293,263,181,131,208,256,185,63
2018-06-11,0,1,0,1,0,0,0,1,1,67.39,20.0,950.9,18.3,85,3.9,620,553,407,563,667,511,400,299,344,362,437,293,205,181,131,208,256,185
2018-07-11,0,1,0,0,1,0,0,1,1,68.12,23.33,951.4,21.4,81,2.2,555,620,553,407,563,667,358,400,299,344,362,437,215,205,181,131,208,256
2018-08-11,0,1,0,0,0,1,0,1,1,68.84,26.67,953.9,18.8,91,2.8,532,555,620,553,407,563,380,358,400,299,344,362,195,215,205,181,131,208
2018-09-11,0,1,0,0,0,0,1,1,3,69.57,30.0,953.1,21.0,69,6.0,284,532,555,620,553,407,234,380,358,400,299,344,62,195,215,205,181,131
2018-12-11,0,1,1,0,0,0,0,3,1,71.74,40.0,948.2,25.5,68,3.0,555,284,532,555,620,553,293,234,380,358,400,299,208,62,195,215,205,181
2018-11-13,0,1,0,1,0,0,0,1,1,72.46,43.33,949.8,25.8,65,3.9,642,555,284,532,555,620,360,293,234,380,358,400,243,208,62,195,215,205
2018-11-14,0,1,0,0,1,0,0,1,5,73.19,46.67,946.7,27.8,59,4.1,305,642,555,284,532,555,282,360,293,234,380,358,111,243,208,62,195,215
2018-11-19,0,1,1,0,0,0,0,5,1,76.81,63.33,949.4,20.0,92,1.9,468,305,642,555,284,532,246,282,360,293,234,380,171,111,243,208,62,195
2018-11-20,0,1,0,1,0,0,0,1,1,77.54,66.67,952.9,19.5,75,2.6,353,468,305,642,555,284,294,246,282,360,293,234,217,171,111,243,208,62
2018-11-21,0,1,0,0,1,0,0,1,1,78.26,70.0,953.0,18.1,80,3.6,519,353,468,305,642,555,378,294,246,282,360,293,184,217,171,111,243,208
2018-11-22,0,1,0,0,0,1,0,1,1,78.99,73.33,951.1,24.0,63,2.8,517,519,353,468,305,642,389,378,294,246,282,360,204,184,217,171,111,243
2018-11-23,0,1,0,0,0,0,1,1,3,79.71,76.67,947.9,26.5,52,2.9,216,517,519,353,468,305,191,389,378,294,246,282,49,204,184,217,171,111
2018-11-26,0,1,1,0,0,0,0,3,1,81.88,86.67,952.3,21.3,79,2.2,620,216,517,519,353,468,260,191,389,378,294,246,197,49,204,184,217,171
2018-11-27,0,1,0,1,0,0,0,1,1,82.61,90.0,953.4,21.7,64,1.3,660,620,216,517,519,353,458,260,191,389,378,294,281,197,49,204,184,217
2018-11-28,0,1,0,0,1,0,0,1,1,83.33,93.33,952.0,23.4,66,4.4,529,660,620,216,517,519,371,458,260,191,389,378,196,281,197,49,204,184
2018-11-29,0,1,0,0,0,1,0,1,1,84.06,96.67,949.3,24.3,66,4.6,501,529,660,620,216,517,339,371,458,260,191,389,200,196,281,197,49,204
2018-11-30,0,1,0,0,0,0,1,1,3,84.78,100.0,945.4,23.8,76,0.8,284,501,529,660,620,216,261,339,371,458,260,191,68,200,196,281,197,49
2018-03-12,0,1,1,0,0,0,0,3,1,86.96,9.68,946.5,22.7,66,2.9,528,284,501,529,660,620,308,261,339,371,458,260,155,68,200,196,281,197
2018-04-12,0,1,0,1,0,0,0,1,1,87.68,12.9,943.8,23.9,66,4.9,544,528,284,501,529,660,365,308,261,339,371,458,189,155,68,200,196,281
2018-05-12,0,1,0,0,1,0,0,1,1,88.41,16.13,944.2,26.2,70,0.7,425,544,528,284,501,529,299,365,308,261,339,371,137,189,155,68,200,196
2018-06-12,0,1,0,0,0,1,0,1,1,89.13,19.35,949.3,24.0,67,1.5,371,425,544,528,284,501,305,299,365,308,261,339,128,137,189,155,68,200
2018-07-12,0,1,0,0,0,0,1,1,3,89.86,22.58,949.7,19.9,89,1.4,168,371,425,544,528,284,163,305,299,365,308,261,44,128,137,189,155,68
2018-10-12,0,1,1,0,0,0,0,3,1,92.03,32.26,956.0,23.5,57,4.1,218,168,371,425,544,528,135,163,305,299,365,308,70,44,128,137,189,155
2018-11-12,0,1,0,1,0,0,0,1,1,92.75,35.48,955.0,26.2,52,2.6,299,218,168,371,425,544,219,135,163,305,299,365,122,70,44,128,137,189
2018-12-12,0,1,0,0,1,0,0,1,1,93.48,38.71,952.8,27.3,51,3.1,231,299,218,168,371,425,189,219,135,163,305,299,60,122,70,44,128,137
2018-12-13,0,1,0,0,0,1,0,1,1,94.2,41.94,951.0,27.9,49,2.2,176,231,299,218,168,371,141,189,219,135,163,305,66,60,122,70,44,128
2018-12-14,0,1,0,0,0,0,1,1,3,94.93,45.16,950.9,26.2,54,1.4,50,176,231,299,218,168,52,141,189,219,135,163,21,66,60,122,70,44
2018-12-17,0,1,1,0,0,0,0,3,1,97.1,54.84,951.2,27.5,64,4.2,111,50,176,231,299,218,77,52,141,189,219,135,50,21,66,60,122,70
2018-12-18,0,1,0,1,0,0,0,1,1,97.83,58.06,950.8,25.7,75,3.0,95,111,50,176,231,299,88,77,52,141,189,219,27,50,21,66,60,122
2018-12-19,0,1,0,0,1,0,0,1,1,98.55,61.29,949.6,27.7,59,2.9,58,95,111,50,176,231,44,88,77,52,141,189,14,27,50,21,66,60
2018-12-20,0,1,0,0,0,1,0,1,1,99.28,64.52,948.7,25.0,76,1.7,40,58,95,111,50,176,35,44,88,77,52,141,17,14,27,50,21,66
2018-12-21,0,1,0,0,0,0,1,1,61,100.0,67.74,948.7,24.4,79,1.6,10,40,58,95,111,50,14,35,44,88,77,52,0,17,14,27,50,21
2019-02-20,1,0,0,0,1,0,0,61,1,0.73,71.43,947.9,23.7,78,0.5,966,10,40,58,95,111,441,14,35,44,88,77,246,0,17,14,27,50
2019-02-21,1,0,0,0,0,1,0,1,1,1.46,75.0,949.8,22.9,84,1.5,779,966,10,40,58,95,458,441,14,35,44,88,279,246,0,17,14,27
2019-02-22,1,0,0,0,0,0,1,1,3,2.19,78.57,951.6,25.5,77,2.7,314,779,966,10,40,58,275,458,441,14,35,44,61,279,246,0,17,14
2019-02-25,1,0,1,0,0,0,0,3,1,4.38,89.29,946.4,27.6,71,0.6,807,314,779,966,10,40,455,275,458,441,14,35,196,61,279,246,0,17
2019-02-26,1,0,0,1,0,0,0,1,1,5.11,92.86,949.8,21.4,87,1.6,615,807,314,779,966,10,401,455,275,458,441,14,233,196,61,279,246,0
2019-02-27,1,0,0,0,1,0,0,1,1,5.84,96.43,948.1,22.4,85,0.6,764,615,807,314,779,966,380,401,455,275,458,441,228,233,196,61,279,246
2019-02-28,1,0,0,0,0,1,0,1,1,6.57,100.0,948.5,23.7,82,1.8,534,764,615,807,314,779,394,380,401,455,275,458,252,228,233,196,61,279
2019-01-03,1,0,0,0,0,0,1,1,6,7.3,3.23,949.4,22.7,89,0.8,203,534,764,615,807,314,224,394,380,401,455,275,44,252,228,233,196,61
2019-07-03,1,0,0,0,0,1,0,6,1,11.68,22.58,952.6,24.4,80,2.2,676,203,534,764,615,807,387,224,394,380,401,455,221,44,252,228,233,196
2019-08-03,1,0,0,0,0,0,1,1,3,12.41,25.81,951.5,24.5,78,0.8,228,676,203,534,764,615,209,387,224,394,380,401,64,221,44,252,228,233
2019-11-03,1,0,1,0,0,0,0,3,1,14.6,35.48,952.0,20.4,92,1.0,731,228,676,203,534,764,434,209,387,224,394,380,234,64,221,44,252,228
2019-12-03,1,0,0,1,0,0,0,1,1,15.33,38.71,950.6,23.2,78,0.9,667,731,228,676,203,534,417,434,209,387,224,394,287,234,64,221,44,252
2019-03-13,1,0,0,0,1,0,0,1,1,16.06,41.94,949.1,24.6,73,1.2,694,667,731,228,676,203,458,417,434,209,387,224,239,287,234,64,221,44
2019-03-14,1,0,0,0,0,1,0,1,1,16.79,45.16,948.8,24.2,84,1.6,582,694,667,731,228,676,371,458,417,434,209,387,268,239,287,234,64,221
2019-03-15,1,0,0,0,0,0,1,1,5,17.52,48.39,949.8,24.1,83,0.7,359,582,694,667,731,228,318,371,458,417,434,209,73,268,239,287,234,64
2019-03-20,1,0,0,0,1,0,0,5,1,21.17,64.52,946.2,24.1,77,1.3,912,359,582,694,667,731,473,318,371,458,417,434,303,73,268,239,287,234
2019-03-21,1,0,0,0,0,1,0,1,1,21.9,67.74,947.9,20.5,87,2.2,668,912,359,582,694,667,454,473,318,371,458,417,274,303,73,268,239,287
2019-03-22,1,0,0,0,0,0,1,1,3,22.63,70.97,951.5,21.6,76,2.5,392,668,912,359,582,694,341,454,473,318,371,458,81,274,303,73,268,239
2019-03-25,1,0,1,0,0,0,0,3,1,24.82,80.65,949.8,23.8,75,3.1,708,392,668,912,359,582,456,341,454,473,318,371,166,81,274,303,73,268
2019-03-26,1,0,0,1,0,0,0,1,1,25.55,83.87,951.0,23.0,69,1.3,776,708,392,668,912,359,506,456,341,454,473,318,317,166,81,274,303,73
2019-03-27,1,0,0,0,1,0,0,1,1,26.28,87.1,953.6,23.1,65,2.8,755,776,708,392,668,912,459,506,456,341,454,473,282,317,166,81,274,303
2019-03-28,1,0,0,0,0,1,0,1,1,27.01,90.32,955.2,23.1,74,1.7,710,755,776,708,392,668,486,459,506,456,341,454,268,282,317,166,81,274
2019-03-29,1,0,0,0,0,0,1,1,3,27.74,93.55,956.6,21.1,77,1.5,339,710,755,776,708,392,324,486,459,506,456,341,57,268,282,317,166,81
2019-01-04,1,0,1,0,0,0,0,3,1,29.93,3.33,951.1,21.4,79,3.9,833,339,710,755,776,708,450,324,486,459,506,456,217,57,268,282,317,166
2019-02-04,1,0,0,1,0,0,0,1,1,30.66,6.67,951.1,22.1,72,2.9,692,833,339,710,755,776,502,450,324,486,459,506,295,217,57,268,282,317
2019-03-04,1,0,0,0,1,0,0,1,1,31.39,10.0,949.2,21.0,81,2.4,750,692,833,339,710,755,466,502,450,324,486,459,254,295,217,57,268,282
2019-04-04,1,0,0,0,0,1,0,1,1,32.12,13.33,947.5,21.2,83,0.7,645,750,692,833,339,710,472,466,502,450,324,486,228,254,295,217,57,268
2019-05-04,1,0,0,0,0,0,1,1,3,32.85,16.67,947.2,25.8,73,1.5,313,645,750,692,833,339,282,472,466,502,450,324,53,228,254,295,217,57
2019-08-04,1,0,1,0,0,0,0,3,1,35.04,26.67,948.8,23.8,82,0.7,747,313,645,750,692,833,431,282,472,466,502,450,224,53,228,254,295,217
2019-09-04,1,0,0,1,0,0,0,1,1,35.77,30.0,949.9,22.2,78,2.2,785,747,313,645,750,692,501,431,282,472,466,502,317,224,53,228,254,295
2019-10-04,1,0,0,0,1,0,0,1,1,36.5,33.33,951.7,21.5,76,2.6,719,785,747,313,645,750,452,501,431,282,472,466,234,317,224,53,228,254
2019-11-04,1,0,0,0,0,1,0,1,1,37.23,36.67,951.6,20.9,82,0.7,629,719,785,747,313,645,436,452,501,431,282,472,225,234,317,224,53,228
2019-12-04,1,0,0,0,0,0,1,1,3,37.96,40.0,950.7,23.2,73,1.9,312,629,719,785,747,313,293,436,452,501,431,282,48,225,234,317,224,53
2019-04-15,1,0,1,0,0,0,0,3,1,40.15,50.0,952.5,21.8,85,3.8,730,312,629,719,785,747,421,293,436,452,501,431,207,48,225,234,317,224
2019-04-16,1,0,0,1,0,0,0,1,1,40.88,53.33,951.4,22.7,81,3.4,673,730,312,629,719,785,484,421,293,436,452,501,276,207,48,225,234,317
2019-04-17,1,0,0,0,1,0,0,1,1,41.61,56.67,947.4,23.0,76,2.0,706,673,730,312,629,719,457,484,421,293,436,452,264,276,207,48,225,234
2019-04-18,1,0,0,0,0,1,0,1,4,42.34,60.0,948.6,21.1,75,3.3,482,706,673,730,312,629,417,457,484,421,293,436,127,264,276,207,48,225
2019-04-22,1,0,1,0,0,0,0,4,1,45.26,73.33,949.2,23.4,67,0.8,697,482,706,673,730,312,411,417,457,484,421,293,189,127,264,276,207,48
2019-04-23,1,0,0,1,0,0,0,1,1,45.99,76.67,952.5,23.7,74,0.9,702,697,482,706,673,730,490,411,417,457,484,421,253,189,127,264,276,207
2019-04-24,1,0,0,0,1,0,0,1,1,46.72,80.0,954.0,24.1,77,1.6,698,702,697,482,706,673,442,490,411,417,457,484,245,253,189,127,264,276
2019-04-25,1,0,0,0,0,1,0,1,1,47.45,83.33,953.5,23.4,80,1.9,614,698,702,697,482,706,452,442,490,411,417,457,229,245,253,189,127,264
2019-04-26,1,0,0,0,0,0,1,1,3,48.18,86.67,953.9,22.5,82,1.2,341,614,698,702,697,482,313,452,442,490,411,417,66,229,245,253,189,127
2019-04-29,1,0,1,0,0,0,0,3,1,50.36,96.67,948.5,20.4,84,1.4,763,341,614,698,702,697,429,313,452,442,490,411,184,66,229,245,253,189
2019-04-30,1,0,0,1,0,0,0,1,2,51.09,100.0,952.2,19.5,86,1.8,627,763,341,614,698,702,475,429,313,452,442,490,257,184,66,229,245,253
2019-02-05,1,0,0,0,0,1,0,2,1,52.55,6.45,949.3,21.6,79,0.9,684,627,763,341,614,698,438,475,429,313,452,442,235,257,184,66,229,245
2019-03-05,1,0,0,0,0,0,1,1,3,53.28,9.68,951.3,21.0,88,0.9,299,684,627,763,341,614,264,438,475,429,313,452,57,235,257,184,66,229
2019-06-05,1,0,1,0,0,0,0,3,1,55.47,19.35,952.1,22.4,76,1.2,765,299,684,627,763,341,440,264,438,475,429,313,214,57,235,257,184,66
2019-07-05,1,0,0,1,0,0,0,1,1,56.2,22.58,950.8,22.7,77,0.8,710,765,299,684,627,763,501,440,264,438,475,429,298,214,57,235,257,184
2019-08-05,1,0,0,0,1,0,0,1,1,56.93,25.81,953.7,21.3,74,2.7,658,710,765,299,684,627,424,501,440,264,438,475,215,298,214,57,235,257
2019-09-05,1,0,0,0,0,1,0,1,1,57.66,29.03,952.5,19.8,75,5.1,680,658,710,765,299,684,455,424,501,440,264,438,259,215,298,214,57,235
2019-10-05,1,0,0,0,0,0,1,1,3,58.39,32.26,949.2,20.9,76,5.0,291,680,658,710,765,299,279,455,424,501,440,264,48,259,215,298,214,57
2019-05-13,1,0,1,0,0,0,0,3,1,60.58,41.94,953.6,22.7,81,1.1,715,291,680,658,710,765,393,279,455,424,501,440,195,48,259,215,298,214
2019-05-14,1,0,0,1,0,0,0,1,1,61.31,45.16,951.4,21.8,85,2.3,737,715,291,680,658,710,506,393,279,455,424,501,276,195,48,259,215,298
2019-05-15,1,0,0,0,1,0,0,1,1,62.04,48.39,951.8,20.0,73,1.1,16,737,715,291,680,658,19,506,393,279,455,424,0,276,195,48,259,215
2019-05-16,1,0,0,0,0,1,0,1,1,62.77,51.61,953.8,19.5,80,1.4,690,16,737,715,291,680,400,19,506,393,279,455,244,0,276,195,48,259
2019-05-17,1,0,0,0,0,0,1,1,3,63.5,54.84,954.9,18.2,91,1.4,293,690,16,737,715,291,268,400,19,506,393,279,66,244,0,276,195,48
2019-05-20,1,0,1,0,0,0,0,3,1,65.69,64.52,951.7,19.1,87,1.4,670,293,690,16,737,715,416,268,400,19,506,393,188,66,244,0,276,195
2019-05-21,1,0,0,1,0,0,0,1,1,66.42,67.74,951.3,19.1,87,1.3,589,670,293,690,16,737,459,416,268,400,19,506,256,188,66,244,0,276
2019-05-22,1,0,0,0,1,0,0,1,1,67.15,70.97,951.5,17.8,82,0.7,610,589,670,293,690,16,424,459,416,268,400,19,227,256,188,66,244,0
2019-05-23,1,0,0,0,0,1,0,1,1,67.88,74.19,950.5,16.7,82,1.1,610,610,589,670,293,690,439,424,459,416,268,400,223,227,256,188,66,244
2019-05-24,1,0,0,0,0,0,1,1,3,68.61,77.42,947.9,17.5,83,1.2,254,610,610,589,670,293,251,439,424,459,416,268,49,223,227,256,188,66
2019-05-27,1,0,1,0,0,0,0,3,1,70.8,87.1,953.3,16.5,78,2.2,756,254,610,610,589,670,434,251,439,424,459,416,211,49,223,227,256,188
2019-05-28,1,0,0,1,0,0,0,1,1,71.53,90.32,950.4,16.5,76,0.9,639,756,254,610,610,589,452,434,251,439,424,459,265,211,49,223,227,256
2019-05-29,1,0,0,0,1,0,0,1,1,72.26,93.55,951.9,18.7,89,2.9,635,639,756,254,610,610,428,452,434,251,439,424,218,265,211,49,223,227
2019-05-30,1,0,0,0,0,1,0,1,1,72.99,96.77,951.2,20.9,81,4.6,37,635,639,756,254,610,38,428,452,434,251,439,6,218,265,211,49,223
2019-05-31,1,0,0,0,0,0,1,1,3,73.72,100.0,947.5,21.9,78,0.4,269,37,635,639,756,254,270,38,428,452,434,251,50,6,218,265,211,49
2019-03-06,1,0,1,0,0,0,0,3,1,75.91,10.0,953.1,18.2,92,2.5,15,269,37,635,639,756,13,270,38,428,452,434,0,50,6,218,265,211
2019-04-06,1,0,0,1,0,0,0,1,1,76.64,13.33,957.7,14.9,87,2.5,269,15,269,37,635,639,195,13,270,38,428,452,28,0,50,6,218,265
2019-05-06,1,0,0,0,1,0,0,1,1,77.37,16.67,958.8,14.6,84,1.4,232,269,15,269,37,635,215,195,13,270,38,428,64,28,0,50,6,218
2019-06-06,1,0,0,0,0,1,0,1,1,78.1,20.0,957.4,17.3,74,4.3,195,232,269,15,269,37,162,215,195,13,270,38,26,64,28,0,50,6
2019-07-06,1,0,0,0,0,0,1,1,3,78.83,23.33,955.8,15.2,79,0.6,271,195,232,269,15,269,243,162,215,195,13,270,45,26,64,28,0,50
2019-10-06,1,0,1,0,0,0,0,3,1,81.02,33.33,958.4,15.8,79,0.4,720,271,195,232,269,15,419,243,162,215,195,13,199,45,26,64,28,0
2019-11-06,1,0,0,1,0,0,0,1,1,81.75,36.67,956.8,16.0,81,0.9,675,720,271,195,232,269,468,419,243,162,215,195,289,199,45,26,64,28
2019-12-06,1,0,0,0,1,0,0,1,1,82.48,40.0,956.3,18.5,83,3.9,605,675,720,271,195,232,394,468,419,243,162,215,177,289,199,45,26,64
2019-06-13,1,0,0,0,0,1,0,1,4,83.21,43.33,957.4,19.1,81,1.7,630,605,675,720,271,195,444,394,468,419,243,162,249,177,289,199,45,26
2019-06-17,1,0,1,0,0,0,0,4,1,86.13,56.67,957.8,17.7,82,0.8,744,630,605,675,720,271,417,444,394,468,419,243,198,249,177,289,199,45
2019-06-18,1,0,0,1,0,0,0,1,1,86.86,60.0,956.3,15.7,84,1.9,620,744,630,605,675,720,456,417,444,394,468,419,237,198,249,177,289,199
2019-06-19,1,0,0,0,1,0,0,1,5,87.59,63.33,955.2,16.9,85,1.0,486,620,744,630,605,675,416,456,417,444,394,468,135,237,198,249,177,289
2019-06-24,1,0,1,0,0,0,0,5,1,91.24,80.0,953.9,17.0,70,0.6,632,486,620,744,630,605,385,416,456,417,444,394,157,135,237,198,249,177
2019-06-25,1,0,0,1,0,0,0,1,1,91.97,83.33,949.5,18.3,67,2.0,442,632,486,620,744,630,438,385,416,456,417,444,146,157,135,237,198,249
2019-06-26,1,0,0,0,1,0,0,1,1,92.7,86.67,949.7,19.8,67,0.9,348,442,632,486,620,744,266,438,385,416,456,417,129,146,157,135,237,198
2019-06-27,1,0,0,0,0,1,0,1,1,93.43,90.0,954.2,19.9,80,1.2,376,348,442,632,486,620,259,266,438,385,416,456,120,129,146,157,135,237
2019-06-28,1,0,0,0,0,0,1,1,3,94.16,93.33,956.1,19.3,83,1.3,111,376,348,442,632,486,196,259,266,438,385,416,20,120,129,146,157,135
2019-01-07,1,0,1,0,0,0,0,3,1,96.35,3.23,952.2,18.8,74,0.6,80,111,376,348,442,632,94,196,259,266,438,385,23,20,120,129,146,157
2019-02-07,1,0,0,1,0,0,0,1,1,97.08,6.45,947.6,17.3,78,1.0,113,80,111,376,348,442,116,94,196,259,266,438,35,23,20,120,129,146
2019-03-07,1,0,0,0,1,0,0,1,1,97.81,9.68,946.0,16.9,82,0.5,62,113,80,111,376,348,80,116,94,196,259,266,43,35,23,20,120,129
2019-04-07,1,0,0,0,0,1,0,1,1,98.54,12.9,948.3,18.4,92,0.7,60,62,113,80,111,376,65,80,116,94,196,259,7,43,35,23,20,120
2019-05-07,1,0,0,0,0,0,1,1,31,99.27,16.13,949.5,15.6,94,3.0,19,60,62,113,80,111,26,65,80,116,94,196,4,7,43,35,23,20
2019-05-08,0,1,1,0,0,0,0,31,1,0.75,16.13,963.8,13.5,85,4.6,1,19,60,62,113,80,1,26,65,80,116,94,0,4,7,43,35,23
2019-06-08,0,1,0,1,0,0,0,1,1,1.49,19.35,962.1,16.1,79,5.4,14,1,19,60,62,113,12,1,26,65,80,116,0,0,4,7,43,35
2019-07-08,0,1,0,0,1,0,0,1,1,2.24,22.58,961.4,17.2,81,1.0,11,14,1,19,60,62,11,12,1,26,65,80,0,0,0,4,7,43
2019-08-08,0,1,0,0,0,1,0,1,1,2.99,25.81,959.2,18.5,77,1.2,449,11,14,1,19,60,322,11,12,1,26,65,122,0,0,0,4,7
2019-09-08,0,1,0,0,0,0,1,1,3,3.73,29.03,956.5,18.4,76,1.1,191,449,11,14,1,19,167,322,11,12,1,26,87,122,0,0,0,4
2019-12-08,0,1,1,0,0,0,0,3,1,5.97,38.71,955.0,18.9,83,1.4,687,191,449,11,14,1,391,167,322,11,12,1,225,87,122,0,0,0
2019-08-13,0,1,0,1,0,0,0,1,1,6.72,41.94,952.9,19.7,66,0.6,111,687,191,449,11,14,82,391,167,322,11,12,19,225,87,122,0,0
2019-08-14,0,1,0,0,1,0,0,1,1,7.46,45.16,961.4,14.7,76,2.9,614,111,687,191,449,11,407,82,391,167,322,11,266,19,225,87,122,0
2019-08-15,0,1,0,0,0,1,0,1,1,8.21,48.39,963.5,15.3,71,5.1,569,614,111,687,191,449,420,407,82,391,167,322,272,266,19,225,87,122
2019-08-16,0,1,0,0,0,0,1,1,3,8.96,51.61,960.1,15.3,72,4.8,284,569,614,111,687,191,225,420,407,82,391,167,110,272,266,19,225,87
2019-08-19,0,1,1,0,0,0,0,3,1,11.19,61.29,953.3,19.3,75,2.3,695,284,569,614,111,687,387,225,420,407,82,391,276,110,272,266,19,225
2019-08-20,0,1,0,1,0,0,0,1,1,11.94,64.52,955.1,17.0,90,0.7,615,695,284,569,614,111,406,387,225,420,407,82,322,276,110,272,266,19
2019-08-21,0,1,0,0,1,0,0,1,1,12.69,67.74,956.2,16.8,85,1.5,630,615,695,284,569,614,374,406,387,225,420,407,275,322,276,110,272,266
2019-08-22,0,1,0,0,0,1,0,1,1,13.43,70.97,958.0,16.3,75,1.8,555,630,615,695,284,569,388,374,406,387,225,420,266,275,322,276,110,272
2019-08-23,0,1,0,0,0,0,1,1,3,14.18,74.19,955.7,15.5,81,2.1,239,555,630,615,695,284,216,388,374,406,387,225,104,266,275,322,276,110
2019-08-26,0,1,1,0,0,0,0,3,1,16.42,83.87,959.2,16.6,72,5.2,683,239,555,630,615,695,389,216,388,374,406,387,272,104,266,275,322,276
2019-08-27,0,1,0,1,0,0,0,1,1,17.16,87.1,958.9,15.0,87,2.1,692,683,239,555,630,615,417,389,216,388,374,406,316,272,104,266,275,322
2019-08-28,0,1,0,0,1,0,0,1,1,17.91,90.32,957.8,17.6,79,2.4,558,692,683,239,555,630,338,417,389,216,388,374,244,316,272,104,266,275
2019-08-29,0,1,0,0,0,1,0,1,1,18.66,93.55,954.8,18.0,70,6.3,529,558,692,683,239,555,391,338,417,389,216,388,255,244,316,272,104,266
2019-08-30,0,1,0,0,0,0,1,1,3,19.4,96.77,952.9,19.5,65,2.0,284,529,558,692,683,239,211,391,338,417,389,216,95,255,244,316,272,104
2019-02-09,0,1,1,0,0,0,0,3,1,21.64,6.67,949.9,18.6,87,2.2,691,284,529,558,692,683,351,211,391,338,417,389,232,95,255,244,316,272
2019-03-09,0,1,0,1,0,0,0,1,1,22.39,10.0,950.2,20.8,79,2.9,611,691,284,529,558,692,423,351,211,391,338,417,261,232,95,255,244,316
2019-04-09,0,1,0,0,1,0,0,1,1,23.13,13.33,953.7,20.9,79,0.8,596,611,691,284,529,558,368,423,351,211,391,338,232,261,232,95,255,244
2019-05-09,0,1,0,0,0,1,0,1,1,23.88,16.67,958.9,17.7,86,2.6,627,596,611,691,284,529,384,368,423,351,211,391,268,232,261,232,95,255
2019-06-09,0,1,0,0,0,0,1,1,3,24.63,20.0,958.5,16.4,86,4.9,235,627,596,611,691,284,218,384,368,423,351,211,81,268,232,261,232,95
2019-09-09,0,1,1,0,0,0,0,3,1,26.87,30.0,953.9,23.3,65,5.5,730,235,627,596,611,691,384,218,384,368,423,351,234,81,268,232,261,232
2019-10-09,0,1,0,1,0,0,0,1,1,27.61,33.33,952.3,22.4,58,1.6,659,730,235,627,596,611,421,384,218,384,368,423,305,234,81,268,232,261
2019-11-09,0,1,0,0,1,0,0,1,1,28.36,36.67,951.1,23.5,57,1.3,644,659,730,235,627,596,372,421,384,218,384,368,245,305,234,81,268,232
2019-12-09,0,1,0,0,0,1,0,1,1,29.1,40.0,949.7,23.8,59,1.1,622,644,659,730,235,627,408,372,421,384,218,384,242,245,305,234,81,268
2019-09-13,0,1,0,0,0,0,1,1,3,29.85,43.33,954.2,20.4,75,1.6,307,622,644,659,730,235,216,408,372,421,384,218,116,242,245,305,234,81
2019-09-16,0,1,1,0,0,0,0,3,1,32.09,53.33,951.2,23.6,65,4.9,682,307,622,644,659,730,378,216,408,372,421,384,230,116,242,245,305,234
2019-09-17,0,1,0,1,0,0,0,1,1,32.84,56.67,948.5,23.8,64,1.1,668,682,307,622,644,659,422,378,216,408,372,421,308,230,116,242,245,305
2019-09-18,0,1,0,0,1,0,0,1,1,33.58,60.0,944.0,27.2,44,1.1,595,668,682,307,622,644,369,422,378,216,408,372,201,308,230,116,242,245
2019-09-19,0,1,0,0,0,1,0,1,1,34.33,63.33,946.4,21.5,72,0.8,575,595,668,682,307,622,392,369,422,378,216,408,234,201,308,230,116,242
2019-09-20,0,1,0,0,0,0,1,1,3,35.07,66.67,948.9,22.6,73,1.2,275,575,595,668,682,307,214,392,369,422,378,216,85,234,201,308,230,116
2019-09-23,0,1,1,0,0,0,0,3,1,37.31,76.67,959.7,17.5,60,2.8,655,275,575,595,668,682,357,214,392,369,422,378,230,85,234,201,308,230
2019-09-24,0,1,0,1,0,0,0,1,1,38.06,80.0,956.2,18.3,64,4.3,643,655,275,575,595,668,403,357,214,392,369,422,295,230,85,234,201,308
2019-09-25,0,1,0,0,1,0,0,1,1,38.81,83.33,954.1,16.6,87,1.5,638,643,655,275,575,595,379,403,357,214,392,369,225,295,230,85,234,201
2019-09-26,0,1,0,0,0,1,0,1,1,39.55,86.67,952.1,17.5,90,2.6,484,638,643,655,275,575,335,379,403,357,214,392,196,225,295,230,85,234
2019-09-27,0,1,0,0,0,0,1,1,3,40.3,90.0,952.6,17.5,79,1.2,261,484,638,643,655,275,195,335,379,403,357,214,103,196,225,295,230,85
2019-09-30,0,1,1,0,0,0,0,3,1,42.54,100.0,951.4,20.6,65,3.0,478,261,484,638,643,655,310,195,335,379,403,357,148,103,196,225,295,230
2019-01-10,0,1,0,1,0,0,0,1,1,43.28,3.23,950.5,20.8,68,5.7,592,478,261,484,638,643,405,310,195,335,379,403,252,148,103,196,225,295
2019-02-10,0,1,0,0,1,0,0,1,1,44.03,6.45,949.6,23.2,62,4.4,555,592,478,261,484,638,372,405,310,195,335,379,195,252,148,103,196,225
2019-03-10,0,1,0,0,0,1,0,1,1,44.78,9.68,951.2,22.8,55,1.6,536,555,592,478,261,484,391,372,405,310,195,335,244,195,252,148,103,196
2019-04-10,0,1,0,0,0,0,1,1,3,45.52,12.9,951.8,21.7,66,3.5,276,536,555,592,478,261,212,391,372,405,310,195,81,244,195,252,148,103
2019-07-10,0,1,1,0,0,0,0,3,1,47.76,22.58,951.1,21.1,79,1.7,612,276,536,555,592,478,357,212,391,372,405,310,192,81,244,195,252,148
2019-08-10,0,1,0,1,0,0,0,1,1,48.51,25.81,951.5,19.9,79,1.7,643,612,276,536,555,592,398,357,212,391,372,405,294,192,81,244,195,252
2019-09-10,0,1,0,0,1,0,0,1,1,49.25,29.03,952.6,19.9,89,3.4,503,643,612,276,536,555,342,398,357,212,391,372,191,294,192,81,244,195
2019-10-10,0,1,0,0,0,1,0,1,1,50.0,32.26,953.2,21.5,74,5.3,520,503,643,612,276,536,321,342,398,357,212,391,192,191,294,192,81,244
2019-11-10,0,1,0,0,0,0,1,1,3,50.75,35.48,952.0,22.6,72,3.9,253,520,503,643,612,276,194,321,342,398,357,212,69,192,191,294,192,81
2019-10-14,0,1,1,0,0,0,0,3,1,52.99,45.16,950.0,26.9,45,0.8,491,253,520,503,643,612,347,194,321,342,398,357,138,69,192,191,294,192
2019-10-15,0,1,0,1,0,0,0,1,1,53.73,48.39,952.8,23.2,58,1.8,444,491,253,520,503,643,343,347,194,321,342,398,211,138,69,192,191,294
2019-10-16,0,1,0,0,1,0,0,1,1,54.48,51.61,953.5,23.3,63,2.6,379,444,491,253,520,503,347,343,347,194,321,342,185,211,138,69,192,191
2019-10-17,0,1,0,0,0,1,0,1,1,55.22,54.84,952.6,23.9,67,3.2,500,379,444,491,253,520,371,347,343,347,194,321,180,185,211,138,69,192
2019-10-18,0,1,0,0,0,0,1,1,3,55.97,58.06,952.7,21.9,88,0.7,233,500,379,444,491,253,202,371,347,343,347,194,92,180,185,211,138,69
2019-10-21,0,1,1,0,0,0,0,3,1,58.21,67.74,947.6,18.7,73,1.2,252,233,500,379,444,491,171,202,371,347,343,347,61,92,180,185,211,138
2019-10-22,0,1,0,1,0,0,0,1,1,58.96,70.97,946.8,20.3,77,1.1,277,252,233,500,379,444,236,171,202,371,347,343,54,61,92,180,185,211
2019-10-23,0,1,0,0,1,0,0,1,1,59.7,74.19,950.1,22.6,66,3.7,256,277,252,233,500,379,203,236,171,202,371,347,46,54,61,92,180,185
2019-10-24,0,1,0,0,0,1,0,1,1,60.45,77.42,950.0,23.5,65,4.6,113,256,277,252,233,500,130,203,236,171,202,371,17,46,54,61,92,180
2019-10-25,0,1,0,0,0,0,1,1,4,61.19,80.65,950.7,22.9,78,1.9,54,113,256,277,252,233,58,130,203,236,171,202,2,17,46,54,61,92
2019-10-29,0,1,0,1,0,0,0,4,1,64.18,93.55,947.3,27.5,47,0.9,568,54,113,256,277,252,351,58,130,203,236,171,197,2,17,46,54,61
2019-10-30,0,1,0,0,1,0,0,1,1,64.93,96.77,947.5,26.3,52,1.5,613,568,54,113,256,277,369,351,58,130,203,236,191,197,2,17,46,54
2019-10-31,0,1,0,0,0,1,0,1,1,65.67,100.0,950.4,26.3,59,1.4,485,613,568,54,113,256,358,369,351,58,130,203,164,191,197,2,17,46
2019-01-11,0,1,0,0,0,0,1,1,3,66.42,3.33,952.4,26.1,59,2.7,291,485,613,568,54,113,216,358,369,351,58,130,92,164,191,197,2,17
2019-04-11,0,1,1,0,0,0,0,3,1,68.66,13.33,945.8,27.3,58,1.8,594,291,485,613,568,54,350,216,358,369,351,58,168,92,164,191,197,2
2019-05-11,0,1,0,1,0,0,0,1,1,69.4,16.67,947.2,25.9,68,2.2,620,594,291,485,613,568,381,350,216,358,369,351,252,168,92,164,191,197
2019-06-11,0,1,0,0,1,0,0,1,1,70.15,20.0,950.9,21.8,78,1.5,543,620,594,291,485,613,361,381,350,216,358,369,192,252,168,92,164,191
2019-07-11,0,1,0,0,0,1,0,1,1,70.9,23.33,949.1,21.1,79,3.6,500,543,620,594,291,485,347,361,381,350,216,358,219,192,252,168,92,164
2019-08-11,0,1,0,0,0,0,1,1,3,71.64,26.67,947.5,22.1,83,1.9,249,500,543,620,594,291,194,347,361,381,350,216,88,219,192,252,168,92
2019-11-11,0,1,1,0,0,0,0,3,1,73.88,36.67,949.5,24.0,77,2.2,648,249,500,543,620,594,322,194,347,361,381,350,201,88,219,192,252,168
2019-12-11,0,1,0,1,0,0,0,1,1,74.63,40.0,951.5,22.9,69,4.3,612,648,249,500,543,620,415,322,194,347,361,381,226,201,88,219,192,252
2019-11-13,0,1,0,0,1,0,0,1,1,75.37,43.33,949.8,22.1,71,5.6,480,612,648,249,500,543,323,415,322,194,347,361,168,226,201,88,219,192
2019-11-14,0,1,0,0,0,1,0,1,4,76.12,46.67,947.9,20.9,93,3.5,365,480,612,648,249,500,296,323,415,322,194,347,116,168,226,201,88,219
2019-11-18,0,1,1,0,0,0,0,4,1,79.1,60.0,950.6,20.3,77,3.5,464,365,480,612,648,249,264,296,323,415,322,194,144,116,168,226,201,88
2019-11-19,0,1,0,1,0,0,0,1,1,79.85,63.33,951.4,23.5,68,3.6,434,464,365,480,612,648,334,264,296,323,415,322,200,144,116,168,226,201
2019-11-20,0,1,0,0,1,0,0,1,1,80.6,66.67,951.3,23.0,75,3.7,478,434,464,365,480,612,327,334,264,296,323,415,156,200,144,116,168,226
2019-11-21,0,1,0,0,0,1,0,1,1,81.34,70.0,950.5,25.0,63,5.6,470,478,434,464,365,480,321,327,334,264,296,323,200,156,200,144,116,168
2019-11-22,0,1,0,0,0,0,1,1,3,82.09,73.33,947.9,26.1,60,3.6,222,470,478,434,464,365,173,321,327,334,264,296,77,200,156,200,144,116
2019-11-25,0,1,1,0,0,0,0,3,1,84.33,83.33,950.8,18.8,65,3.2,487,222,470,478,434,464,264,173,321,327,334,264,186,77,200,156,200,144
2019-11-26,0,1,0,1,0,0,0,1,1,85.07,86.67,949.8,20.8,67,5.5,500,487,222,470,478,434,346,264,173,321,327,334,181,186,77,200,156,200
2019-11-27,0,1,0,0,1,0,0,1,1,85.82,90.0,945.8,26.6,59,4.3,335,500,487,222,470,478,213,346,264,173,321,327,147,181,186,77,200,156
2019-11-28,0,1,0,0,0,1,0,1,1,86.57,93.33,946.1,23.1,80,1.5,484,335,500,487,222,470,325,213,346,264,173,321,158,147,181,186,77,200
2019-11-29,0,1,0,0,0,0,1,1,3,87.31,96.67,949.0,20.2,74,1.2,224,484,335,500,487,222,176,325,213,346,264,173,62,158,147,181,186,77
2019-02-12,0,1,1,0,0,0,0,3,1,89.55,6.45,949.4,20.6,84,0.6,464,224,484,335,500,487,272,176,325,213,346,264,122,62,158,147,181,186
2019-03-12,0,1,0,1,0,0,0,1,1,90.3,9.68,949.3,20.3,74,2.6,414,464,224,484,335,500,292,272,176,325,213,346,163,122,62,158,147,181
2019-04-12,0,1,0,0,1,0,0,1,1,91.04,12.9,948.7,22.9,73,4.0,283,414,464,224,484,335,257,292,272,176,325,213,111,163,122,62,158,147
2019-05-12,0,1,0,0,0,1,0,1,1,91.79,16.13,944.8,27.2,61,2.6,291,283,414,464,224,484,170,257,292,272,176,325,132,111,163,122,62,158
2019-06-12,0,1,0,0,0,0,1,1,3,92.54,19.35,945.2,21.7,90,1.6,116,291,283,414,464,224,112,170,257,292,272,176,39,132,111,163,122,62
2019-09-12,0,1,1,0,0,0,0,3,1,94.78,29.03,948.9,22.5,68,1.7,157,116,291,283,414,464,122,112,170,257,292,272,69,39,132,111,163,122
2019-10-12,0,1,0,1,0,0,0,1,1,95.52,32.26,947.8,22.9,81,1.8,75,157,116,291,283,414,61,122,112,170,257,292,19,69,39,132,111,163
2019-11-12,0,1,0,0,1,0,0,1,1,96.27,35.48,946.6,22.9,82,1.6,45,75,157,116,291,283,49,61,122,112,170,257,9,19,69,39,132,111
2019-12-12,0,1,0,0,0,1,0,1,1,97.01,38.71,945.2,22.2,75,1.0,43,45,75,157,116,291,54,49,61,122,112,170,8,9,19,69,39,132
2019-12-13,0,1,0,0,0,0,1,1,3,97.76,41.94,948.2,24.1,74,2.0,7,43,45,75,157,116,14,54,49,61,122,112,0,8,9,19,69,39
2019-12-16,0,1,1,0,0,0,0,3,61,100.0,51.61,947.8,28.3,46,5.6,5,7,43,45,75,157,8,14,54,49,61,122,0,0,8,9,19,69
